N,run,variant,makespan_ms,energy_J,cost,fitness
100,0,ELO (full),76041.34302179905,28214.24679757429,110.21996663508604,0.8461698553382114
100,0,w/o heuristic init (= LO),76786.96741854637,28411.860761235595,110.17173111555894,0.8411396440477878
100,0,w/o adaptive jump rate,76725.63267351541,28394.51648193243,110.21601937364562,0.8414735460878193
100,0,w/o elitism,76466.29917313956,28303.159531758276,110.33816752316767,0.8432105996098748
100,0,heuristic only,86100.97719869709,30681.372451000338,111.29290523934141,0.783010552636669
100,1,ELO (full),81328.66795366799,36433.476725723565,118.55267429177295,0.8081789399545236
100,1,w/o heuristic init (= LO),134347.74066797644,57536.73161644062,134.90822760431146,0.5666025470293787
100,1,w/o adaptive jump rate,81486.2451737452,36437.529287402824,118.36866075144138,0.8079262505076362
100,1,w/o elitism,81413.12741312743,36429.492547990216,118.47263044754519,0.8080393496097333
100,1,heuristic only,89224.42084942086,38534.295728761535,106.64991685224572,0.7962726595926146
100,2,ELO (full),72079.91120976693,26577.84063966928,115.06289359912842,0.784369633110533
100,2,w/o heuristic init (= LO),73547.06616729088,26757.623542856254,114.92019496142042,0.7766962295094336
100,2,w/o adaptive jump rate,72039.95560488346,26562.678284217807,115.14496535634409,0.7845010894953462
100,2,w/o elitism,72020.47440699128,26526.458869698847,115.0639909560395,0.7850533458509162
100,2,heuristic only,81831.4606741573,28580.214282179277,115.69596025890239,0.728984774614117
100,3,ELO (full),67187.81124021817,25191.53540525036,87.46491313739422,0.8176625257386378
100,3,w/o heuristic init (= LO),67825.80645161291,25382.470051958073,86.91695255588034,0.813409812265816
100,3,w/o adaptive jump rate,67027.03343609201,25147.27887456106,87.79674465025221,0.8183032711736891
100,3,w/o elitism,66880.4837562248,25109.36271784755,88.13235896154455,0.818798921814446
100,3,heuristic only,74072.08916291202,27323.415392533883,84.67479474882163,0.7691658562482833
100,4,ELO (full),70364.43575964827,26008.30471704258,114.46424923372393,0.7294435552264271
100,4,w/o heuristic init (= LO),70405.95994137763,26078.400781496468,115.18042511345774,0.7272943062393193
100,4,w/o adaptive jump rate,69650.40650406506,25867.259257006583,115.27797286133926,0.7318967240972708
100,4,w/o elitism,69488.03126526624,25872.694640023758,115.57688945581779,0.7319967451925979
100,4,heuristic only,76547.38641914997,27394.089412646917,109.08642446932485,0.7073490968667391
100,5,ELO (full),66812.08053691276,20308.14959803642,112.25392406240175,0.8698340098293165
100,5,w/o heuristic init (= LO),67233.87652054167,20430.969146855296,111.81538508294327,0.8672551998513907
100,5,w/o adaptive jump rate,66596.51136102826,20268.234926546764,112.20427414684207,0.8715403771154142
100,5,w/o elitism,66615.56116593987,20300.70852652449,112.13538792610748,0.8711865415068195
100,5,heuristic only,72413.12829928852,21381.11531683574,109.59333736394669,0.8378202806323048
100,6,ELO (full),70354.86459378134,22599.857559863518,103.49085743925986,0.762749260658497
100,6,w/o heuristic init (= LO),79362.84046692608,25462.572485515557,106.63397890008393,0.6978956008062029
100,6,w/o adaptive jump rate,69990.77231695085,22598.87276299539,103.20118055279002,0.7651589033484762
100,6,w/o elitism,69217.65295887666,22449.866564725897,104.00465247173116,0.7680216710330384
100,6,heuristic only,79929.18756268806,24227.366007554258,96.81629879382993,0.7293607475074999
100,7,ELO (full),68649.14075286416,27895.385088658164,112.32559077950333,0.7108168916387925
100,7,w/o heuristic init (= LO),79480.1652892562,32246.74227732593,114.5321817044339,0.6370385396371656
100,7,w/o adaptive jump rate,68297.52066115703,27761.090056327725,113.06505228954867,0.7121367154112543
100,7,w/o elitism,69327.53682487723,28168.335143847435,110.99661548695471,0.7081257809346274
100,7,heuristic only,77005.72831423895,30901.086745638953,98.23318381338463,0.6849751155444002
100,8,ELO (full),60167.20779220778,24337.880408270696,85.09274347142679,0.8279183666525449
100,8,w/o heuristic init (= LO),60466.362126245855,24473.187410497856,85.26230235065526,0.8243731757161379
100,8,w/o adaptive jump rate,59785.9219269103,24213.525241017156,84.98305383974508,0.8316595310338513
100,8,w/o elitism,59585.963455149504,24143.143517738376,85.1706875673239,0.8330083695858737
100,8,heuristic only,67058.97009966779,26892.194226497035,83.5172403205436,0.7738462453556384
100,9,ELO (full),70682.79198341398,28625.214400094206,112.45541151785424,0.7058671197560888
100,9,w/o heuristic init (= LO),69600.68728522336,28313.9078113974,113.66803202873103,0.711405150045505
100,9,w/o adaptive jump rate,70015.12027491408,28437.022704076546,113.21910249124551,0.7092024545494233
100,9,w/o elitism,69488.57319332921,28253.955388189108,114.11600007420958,0.7117327880384328
100,9,heuristic only,81565.47251389743,31611.648940706014,115.09899507179708,0.638858497181914
100,10,ELO (full),66862.5,24847.976558655922,107.74054838654608,0.7226248155525843
100,10,w/o heuristic init (= LO),72567.36111111112,26685.439147501485,106.09434447826158,0.6799081254802744
100,10,w/o adaptive jump rate,67021.57164869028,24912.384897903597,107.66350388639344,0.7212254903630313
100,10,w/o elitism,67439.58333333331,25070.41444798844,106.17659728876345,0.7191752237382408
100,10,heuristic only,76715.40118470651,27739.86495906901,101.70591871266276,0.6592259836814647
100,11,ELO (full),86694.45896497645,31441.081647198367,140.2933134396468,0.6592421328324046
100,11,w/o heuristic init (= LO),86059.33089388395,31299.021905216214,142.64320808270324,0.6597299433892689
100,11,w/o adaptive jump rate,84836.19047619046,31008.897351011008,145.6878070836289,0.662702196152336
100,11,w/o elitism,85462.88552012545,31165.659820714158,144.51081312118203,0.6606755519230796
100,11,heuristic only,100235.49398849974,35247.500826446616,124.42777538554374,0.6176437905619756
100,12,ELO (full),64812.64108352145,21221.099967581,117.59513275159478,0.7574005714558536
100,12,w/o heuristic init (= LO),77665.92592592594,24461.831134484215,112.40410057105862,0.687667483256807
100,12,w/o adaptive jump rate,68429.93456924755,21195.257520693576,107.29317252955795,0.7625996686923582
100,12,w/o elitism,67286.80479825517,21171.307906031536,110.24266748473448,0.7612931137956707
100,12,heuristic only,76614.23118865868,23240.74696296709,107.98686079670468,0.7103774150543165
100,13,ELO (full),88407.71812080537,30583.595381974857,126.88057643895652,0.7883202820297306
100,13,w/o heuristic init (= LO),88504.47116867099,30649.573776611433,127.15217499316596,0.7869721482108198
100,13,w/o adaptive jump rate,88030.2013422819,30506.024854521303,126.88283482916134,0.7902895376672961
100,13,w/o elitism,87575.93688362918,30382.28973602257,126.89588951483368,0.7928881745927898
100,13,heuristic only,99016.95960530372,33415.08075986865,128.22749010864504,0.7317243209835094
100,14,ELO (full),73538.52327447833,25381.286738732888,118.37156006513985,0.8227016902084424
100,14,w/o heuristic init (= LO),75782.50401284109,25934.67224224014,118.11517538452549,0.808210214709953
100,14,w/o adaptive jump rate,74464.68699839486,25607.763416939044,118.58353880429979,0.8159826879220429
100,14,w/o elitism,73369.40602115545,25322.03848437065,118.40816875112782,0.8239658207169105
100,14,heuristic only,83913.32263242375,28045.797211742873,118.32366066276761,0.7585865423041005
100,15,ELO (full),65358.92388451444,17929.81714255744,107.88092201616439,0.840873736778807
100,15,w/o heuristic init (= LO),65829.33333333333,17991.784448318893,108.26766247834632,0.8367353118914607
100,15,w/o adaptive jump rate,65798.77515310587,18053.131623102847,107.05540627755113,0.8390374852841957
100,15,w/o elitism,65303.473491773315,17911.72333644786,108.34544823940064,0.8402644294322238
100,15,heuristic only,73184.60192475941,19405.171284520722,103.58855447593385,0.7980348965894485
100,16,ELO (full),71438.48354792561,28865.306483719956,85.30377583452963,0.7898767954926679
100,16,w/o heuristic init (= LO),75356.88536409517,29901.652242225264,83.93898990995757,0.7671153250760718
100,16,w/o adaptive jump rate,71405.25587828491,28878.67993185713,85.71000700071619,0.7889518861568369
100,16,w/o elitism,71192.41773962803,28781.432917901227,84.99186881739138,0.7925069528964885
100,16,heuristic only,80252.00553250346,30703.09570966002,84.55012778516863,0.7402017946197463
100,17,ELO (full),84891.49363697253,31998.659738068396,130.1268786673873,0.8423661405690105
100,17,w/o heuristic init (= LO),88651.03817816476,33225.02675742835,129.0950389636294,0.8207266264222061
100,17,w/o adaptive jump rate,83555.77047066412,31583.17925453223,129.94518187256028,0.8514201172891227
100,17,w/o elitism,83668.45277963832,31633.445421390872,130.00553111253492,0.8504278321972982
100,17,heuristic only,92495.48678272085,34123.83910501463,131.25616286082175,0.7969073857291015
100,18,ELO (full),96321.32610774624,38725.124568693995,151.6429550186717,0.8623435035011346
100,18,w/o heuristic init (= LO),101869.9891657638,40720.73187180244,151.9200656351925,0.8307959393938815
100,18,w/o adaptive jump rate,97296.14281160342,38930.344714724415,150.99458840062164,0.8587797032541382
100,18,w/o elitism,96286.68610301263,38652.59778471609,151.51038847640518,0.8632006042322244
100,18,heuristic only,107968.1224099458,42139.662074121254,149.74546463020954,0.808515074536536
100,19,ELO (full),71247.78761061947,25963.323897636554,95.87170039790144,0.7287649445928225
100,19,w/o heuristic init (= LO),72155.20762423419,26027.15233753038,95.35167923318863,0.7253812573998635
100,19,w/o adaptive jump rate,71438.71297242084,25942.89403742488,95.99522449789876,0.7277589413601132
100,19,w/o elitism,71299.57805907172,25971.426706576327,96.06718133148594,0.7280291040527314
100,19,heuristic only,82489.27477017365,28047.09141639753,90.83225634995073,0.6824656457851445
100,20,ELO (full),71916.2026726058,27479.403383068668,89.3127902981123,0.8733544254460026
100,20,w/o heuristic init (= LO),78924.1573033708,29351.948028428495,88.72650995973359,0.8268896550553057
100,20,w/o adaptive jump rate,73216.57458563536,27897.467973620325,89.36729502700663,0.8629189259567359
100,20,w/o elitism,72913.14031180402,27750.949563408783,89.45692996426729,0.865559745932816
100,20,heuristic only,79152.00445434298,29440.571013932044,90.29484241133304,0.8208589951642292
100,21,ELO (full),75769.8766727893,22680.902998983107,101.75872333097381,0.7472576844756926
100,21,w/o heuristic init (= LO),88316.23931623933,25902.329229137224,98.81099465602253,0.6734814548721993
100,21,w/o adaptive jump rate,75884.80713723431,22706.349904441216,101.60356432720323,0.7467199734448475
100,21,w/o elitism,75392.81028601417,22600.057228190453,101.31097185092773,0.7505294610388151
100,21,heuristic only,81120.17843085805,23875.28579564169,98.71594200056418,0.7177598168536807
100,22,ELO (full),68920.14063284782,29424.22812860467,112.04129553493979,0.858577616807638
100,22,w/o heuristic init (= LO),70124.47786131996,29889.657166712976,111.41082456800982,0.8497931642745664
100,22,w/o adaptive jump rate,68973.3802109493,29474.297500011595,111.95164233178429,0.8580240674968908
100,22,w/o elitism,69062.78252134607,29510.55421545878,111.89741823217429,0.8573609852470139
100,22,heuristic only,79319.68859869412,33009.549952500114,110.00446534032474,0.7885569476136842
100,23,ELO (full),73459.18123054822,20075.441033699753,115.84233481868634,0.7984914710671009
100,23,w/o heuristic init (= LO),85631.96480938417,23194.847930824406,114.85358902064017,0.7201858428039258
100,23,w/o adaptive jump rate,72911.29032258065,19972.655460534515,116.1295883916593,0.8016900232955482
100,23,w/o elitism,73011.97031362221,19997.488603757934,116.03578392886948,0.8011007947246884
100,23,heuristic only,81894.66124012445,21125.40373256291,114.60620937189803,0.7548062620368723
100,24,ELO (full),78278.52062588904,25965.518574380803,115.92998821674972,0.8362810945937055
100,24,w/o heuristic init (= LO),81005.68990042678,26688.166719946814,115.4892649468431,0.8181822125741778
100,24,w/o adaptive jump rate,77970.41251778093,25873.079042078913,115.86558424581067,0.8387386209109271
100,24,w/o elitism,78693.44978165941,26010.086888665734,115.52837425129925,0.8348106708268395
100,24,heuristic only,87908.69183494293,28689.12671929636,115.81350022952928,0.772915591567092
100,25,ELO (full),76954.64739596313,29884.980385324154,121.89466032948499,0.7537650387130872
100,25,w/o heuristic init (= LO),84736.73870333988,32576.672603695737,124.05212386561624,0.7046088396569933
100,25,w/o adaptive jump rate,76392.47445801148,29828.97535405198,122.78803770668506,0.754693110988674
100,25,w/o elitism,75969.54813359526,29754.589541442438,123.16272607188787,0.7562206739924298
100,25,heuristic only,86132.81834039374,31832.938891666272,117.63755066324302,0.7170103295795944
100,26,ELO (full),90351.94535194537,36360.18883625448,138.5845276414181,0.8288165119428336
100,26,w/o heuristic init (= LO),90090.58509058511,36283.361033576526,138.98335655357067,0.8294118955574469
100,26,w/o adaptive jump rate,90797.53914988812,36534.74805241653,138.11967542356624,0.8271251024488786
100,26,w/o elitism,89835.57046979865,36240.21091744547,139.30750533671107,0.8299432240654028
100,26,heuristic only,102905.2569052569,40100.55428451944,132.13684147185646,0.7824587346346246
100,27,ELO (full),74831.62217659137,26573.131682090992,123.63096441980076,0.7870111044860167
100,27,w/o heuristic init (= LO),75466.11909650922,26643.427241440262,122.1730767872864,0.7858579257284277
100,27,w/o adaptive jump rate,74435.20220588235,26489.261347514614,123.52501502246776,0.7897626634697898
100,27,w/o elitism,74288.14338235292,26448.91108106693,123.76261153820607,0.7904527510188957
100,27,heuristic only,83389.47610294116,27665.8439452651,113.50917549140073,0.7601076947144376
100,28,ELO (full),54459.363170786004,17838.49212765354,100.77944825406718,0.6929551192049391
100,28,w/o heuristic init (= LO),55345.35738142953,18027.097771840257,100.37656101138259,0.6854070111361108
100,28,w/o adaptive jump rate,54771.92982456141,17911.70712864034,100.3772925145124,0.6904416271091455
100,28,w/o elitism,55014.17004048583,17930.05967231041,100.25937980928724,0.6888653078256028
100,28,heuristic only,67143.17523936763,20701.447249296758,98.46524152730302,0.597518547609712
100,29,ELO (full),70164.83516483517,24716.82342045691,108.50843212760557,0.7908327873402814
100,29,w/o heuristic init (= LO),73052.8025995126,25491.478995127003,107.69438033780631,0.7718428134915467
100,29,w/o adaptive jump rate,70515.43450064847,24788.618325072322,108.87641022116115,0.7877684691421992
100,29,w/o elitism,69819.45525291825,24574.46043479604,109.42660409729208,0.7921491638272977
100,29,heuristic only,79689.75356679634,26286.07619391769,104.8963113066615,0.7441061740188235
200,0,ELO (full),163009.50011309664,59501.73490991378,218.48575547649466,0.7885608246321031
200,0,w/o heuristic init (= LO),244187.56936736952,86606.8165996309,224.3539669313895,0.6147468393984205
200,0,w/o adaptive jump rate,162165.79959285233,59409.67183586037,218.35687953624875,0.7907117250931148
200,0,w/o elitism,162541.50644650534,59447.37539531564,218.28191279059922,0.7899296549442023
200,0,heuristic only,179452.83872427055,61949.40224133266,216.2792354752704,0.7541171560739491
200,1,ELO (full),126613.70967741935,44826.41525937769,176.6756834199238,0.7209334254295588
200,1,w/o heuristic init (= LO),172918.54838709676,59373.752099348196,172.56550406433564,0.5837875040885983
200,1,w/o adaptive jump rate,127154.2716656423,44869.245850677326,175.65590176906835,0.72034938882014
200,1,w/o elitism,125987.7433309301,44695.07539054069,177.50175852565263,0.7223891342343332
200,1,heuristic only,135496.82442122517,46297.75544417661,175.77317733348218,0.6934420799646859
200,2,ELO (full),144365.94202898553,41790.449110437716,234.2965489141108,0.7804378896785562
200,2,w/o heuristic init (= LO),215561.5942028986,58881.861332100874,246.17417284334755,0.5991604326689703
200,2,w/o adaptive jump rate,144850.6439551309,41949.89402135783,233.35743485833302,0.7795086903276567
200,2,w/o elitism,144818.84057971017,41943.834201063226,233.4768049756426,0.7794870422502667
200,2,heuristic only,155421.47901952642,44062.53648192554,223.0958821212815,0.7583259826549595
200,3,ELO (full),149591.72133001577,41631.8679806433,220.06581068534643,0.7905534941561585
200,3,w/o heuristic init (= LO),248637.8600823046,66873.31691366891,247.9248434979545,0.5520725721513369
200,3,w/o adaptive jump rate,149577.01877403297,41615.10487797792,220.37442840573283,0.7903179048942466
200,3,w/o elitism,149424.56457814967,41620.414906249556,219.8795911404201,0.7911915948086443
200,3,heuristic only,154036.64329337247,42500.85142357525,215.7573304659818,0.7818120026301772
200,4,ELO (full),157816.180108857,53208.466793125626,223.23150003990267,0.8376439089506451
200,4,w/o heuristic init (= LO),196175.24644030668,65483.23601687742,220.30371084505495,0.7308826804834619
200,4,w/o adaptive jump rate,156474.26067907998,52811.817669538774,223.11814582917296,0.8424363141357534
200,4,w/o elitism,156203.85947550717,52638.04225245099,223.40816049650698,0.8434911939922156
200,4,heuristic only,167431.22216724392,55509.99535744953,224.93740449765482,0.8066557517325496
200,5,ELO (full),119857.53656985372,41520.55103230462,203.78466116553844,0.7997482664685269
200,5,w/o heuristic init (= LO),140476.19047619047,47449.90737472569,208.69234755859128,0.7137053311429264
200,5,w/o adaptive jump rate,118848.20860716556,41214.26821480288,204.59514427783523,0.8036800093095422
200,5,w/o elitism,118598.89760440963,41119.401970548744,204.47682627083634,0.8051109779130743
200,5,heuristic only,135356.1585753657,46641.38509365434,194.42581279838708,0.7430743899575758
200,6,ELO (full),137817.2575599583,48261.64298344852,165.98705989415413,0.7526760885817665
200,6,w/o heuristic init (= LO),167647.84053156147,57892.22078227005,157.92217441340975,0.6629597063409614
200,6,w/o adaptive jump rate,138482.30452674892,48461.50398079729,166.26523400894988,0.749791828713406
200,6,w/o elitism,139206.7257559958,48570.11198604852,165.5196531302661,0.7483596574676523
200,6,heuristic only,162194.47340980187,54398.229136028385,169.31525868872856,0.6722697719205211
200,7,ELO (full),145859.4827586207,55591.47282309728,177.7937123156127,0.7292217094615686
200,7,w/o heuristic init (= LO),193412.2340425532,73462.80079655515,177.80280098833197,0.5999812082601379
200,7,w/o adaptive jump rate,145406.9826707442,55494.66855889803,178.28833137141513,0.7300292418563841
200,7,w/o elitism,144455.94525235242,55299.89192057262,178.55844320913218,0.7325901884769846
200,7,heuristic only,168878.52865697182,60733.718811699684,172.471495868639,0.6739196746722238
200,8,ELO (full),186822.7628149435,70514.01307953267,259.2536400626962,0.6903038354099958
200,8,w/o heuristic init (= LO),232229.36576889662,84101.9147264626,247.75872232058697,0.6049051193580599
200,8,w/o adaptive jump rate,185495.3703703703,70303.97719400066,259.6686511695774,0.6929070693078128
200,8,w/o elitism,186548.21894005215,70428.48151417254,259.49799014156633,0.690840283789645
200,8,heuristic only,206836.99633699635,73610.40740220045,261.4529388409027,0.6494207974149444
200,9,ELO (full),140509.22196311218,40885.40230530192,225.6578041533308,0.758705391390291
200,9,w/o heuristic init (= LO),196758.44930417498,56235.69985728062,233.43057389409603,0.6017828272491416
200,9,w/o adaptive jump rate,140068.68772524918,41043.656410330186,226.80537810700608,0.7577883520294901
200,9,w/o elitism,140297.90419161675,40938.94996656588,226.20379426505843,0.758379231780667
200,9,heuristic only,163716.34513461945,44098.32166855964,215.22182456056248,0.7085119382705893
200,10,ELO (full),178149.1097922849,55661.76452653488,266.5263181218607,0.7901667765547881
200,10,w/o heuristic init (= LO),211642.61168384884,64273.4038902341,262.18776970148144,0.7153087612400058
200,10,w/o adaptive jump rate,177730.99781044733,55709.13138521559,266.58788937815257,0.7907042217028443
200,10,w/o elitism,177561.85567010313,55692.53351675054,266.4951106129455,0.7911677323194651
200,10,heuristic only,192491.7109790429,57992.43675715051,268.9756299365376,0.7552145014351465
200,11,ELO (full),149767.4418604651,56206.646544118965,189.84126582265196,0.6928175811177675
200,11,w/o heuristic init (= LO),188105.14541387025,68620.13895504532,183.47361055576107,0.5948128258537175
200,11,w/o adaptive jump rate,152187.67507002805,56645.903858479505,188.37882518842616,0.687272487378873
200,11,w/o elitism,149775.1196172249,56251.26364727031,189.97915699524287,0.6925231567125899
200,11,heuristic only,177398.45938375354,62975.61785835072,181.57869112645895,0.6272018093648413
200,12,ELO (full),137776.75840978595,45081.04491902623,221.8232064148643,0.765675000947966
200,12,w/o heuristic init (= LO),168662.58919469925,53768.63572785575,229.21937766457887,0.6693506238706637
200,12,w/o adaptive jump rate,137295.9770114943,44990.70154630773,221.52344653179836,0.7675272761518424
200,12,w/o elitism,137259.7259062777,45009.000652851435,221.54218447545887,0.7675215357067904
200,12,heuristic only,144030.06189213094,45959.02241782675,217.8696345279927,0.7530080982719223
200,13,ELO (full),164830.550918197,63218.70285324694,194.14272616742406,0.694027737154538
200,13,w/o heuristic init (= LO),203684.90878938642,76297.20407354194,194.7911799817074,0.5967990196372648
200,13,w/o adaptive jump rate,165357.26210350584,63307.96995245846,193.86935073728347,0.6929369520087507
200,13,w/o elitism,165359.7662771285,63328.58236821623,194.03145169163093,0.6927277439501314
200,13,heuristic only,191302.10378681633,68807.1570463627,176.39090826006952,0.6492688938438591
200,14,ELO (full),134780.3524016413,45380.50080265793,203.94169935278057,0.7581209438133254
200,14,w/o heuristic init (= LO),169679.06224737273,56315.671781748555,200.28442404893474,0.6457007410507456
200,14,w/o adaptive jump rate,134450.1568911417,45283.61303264131,204.55889629210708,0.7589107262034788
200,14,w/o elitism,134366.15134255492,45269.83657677744,204.38096203262643,0.7593497163141985
200,14,heuristic only,147934.10572049237,49003.68251694057,194.9990493203459,0.7188982094680632
200,15,ELO (full),122107.64430577224,48834.12745241575,170.91854145351587,0.7295942556936075
200,15,w/o heuristic init (= LO),120883.22717622083,48569.029724686654,170.03911288849207,0.7349821448900069
200,15,w/o adaptive jump rate,116682.54728273879,47108.54388636329,171.03019543649413,0.7522343731534789
200,15,w/o elitism,116387.82731776359,47128.11361898687,170.3749918332639,0.753705510158085
200,15,heuristic only,140317.93152980605,55431.55321270142,170.79492352999011,0.6624213741309084
200,16,ELO (full),137581.78256611162,50538.8653850493,198.9277432089832,0.7634756566875811
200,16,w/o heuristic init (= LO),204270.97661623114,72670.7928805446,197.03042225017367,0.6051230310297606
200,16,w/o adaptive jump rate,137570.02938295787,50534.74004794945,198.96904546043612,0.7634643305325732
200,16,w/o elitism,137769.1983122363,50563.47346484925,199.09349000445988,0.7627275660123238
200,16,heuristic only,149240.9282700422,53663.48766249075,199.51266519268182,0.7268061741046368
200,17,ELO (full),128626.99357295883,50755.69596483634,196.7872724488289,0.7394427952618796
200,17,w/o heuristic init (= LO),128931.20685551061,50858.389207132306,196.6674838590154,0.7382490681652285
200,17,w/o adaptive jump rate,128300.4046655558,50652.935702951596,196.7964137679313,0.740787852261064
200,17,w/o elitism,128648.65508212331,50792.720282256734,196.40796311435668,0.7395033104875361
200,17,heuristic only,157282.313734825,60432.0768365189,186.99137888171424,0.6470310944821249
200,18,ELO (full),124771.63120567375,46880.66524108306,213.2120555152806,0.8318503127684866
200,18,w/o heuristic init (= LO),171180.85106382982,64101.27015552709,238.1048024103311,0.6472740928945999
200,18,w/o adaptive jump rate,123807.99999999996,46529.257472661644,215.39344785187734,0.8339307160827586
200,18,w/o elitism,124770.87179487178,46880.64643969512,213.0129788009868,0.8320785036321001
200,18,heuristic only,135702.83687943264,50711.30412398624,195.04916915111517,0.8081833306549526
200,19,ELO (full),168100.67114093958,63740.1013508202,290.0448409599661,0.7578516811105972
200,19,w/o heuristic init (= LO),187270.94474153302,70558.16133920215,285.6019144586953,0.7016801327206696
200,19,w/o adaptive jump rate,167671.14093959727,63652.87687224531,291.4561519662885,0.7582315318255823
200,19,w/o elitism,168126.5580057526,63764.72637262237,290.49832178879814,0.7574367139985114
200,19,heuristic only,197867.05017577496,72822.20230566045,277.7290035908205,0.6834530652297951
200,20,ELO (full),139035.67839195978,45134.3223353986,222.25810604251626,0.8224209763281469
200,20,w/o heuristic init (= LO),168332.6315789474,52990.22083503051,227.00620315967376,0.7155379720624366
200,20,w/o adaptive jump rate,138686.432160804,45040.29433113188,223.10797516990078,0.82319092900028
200,20,w/o elitism,138615.56064073226,45025.85555633742,223.0076839234818,0.8235412678637892
200,20,heuristic only,156813.06532663314,49764.86987248542,208.3680268156487,0.7687059557465437
200,21,ELO (full),163899.06046735725,44695.77738427724,242.91968153868186,0.7644662031867897
200,21,w/o heuristic init (= LO),209554.20353982295,56241.57103129099,268.91632059093445,0.6285477195605189
200,21,w/o adaptive jump rate,162955.19152011565,44558.38301073289,245.3873841248922,0.7646678566194514
200,21,w/o elitism,162650.92748735246,44499.26169704771,246.97317320442687,0.7640873652379538
200,21,heuristic only,176893.8053097345,46452.16690702089,225.31074886916724,0.7507551086004445
200,22,ELO (full),136973.68421052632,47902.880630485626,224.98624271840646,0.8163837562462655
200,22,w/o heuristic init (= LO),162055.33199195168,54844.35545214039,240.31404820579354,0.7175068169788823
200,22,w/o adaptive jump rate,136320.63157894733,47718.22896838674,226.08344927042808,0.8179437388340607
200,22,w/o elitism,136360.84210526317,47733.72967520665,225.9863765168203,0.8178514804085046
200,22,heuristic only,145581.47368421053,49838.6451257474,212.11976903004555,0.7997149358168543
200,23,ELO (full),142649.7797356828,46343.45478444453,222.8379956415393,0.6772669728679027
200,23,w/o heuristic init (= LO),220824.38580527753,68899.9069177504,223.7509222401151,0.5024970047662225
200,23,w/o adaptive jump rate,142650.7633587786,46329.320849764845,222.88755839102245,0.6772813984390708
200,23,w/o elitism,141491.92364170335,46238.2761203404,223.47378670075565,0.6798484074432364
200,23,heuristic only,163429.38931297706,48554.62988835445,218.02791808443487,0.6315128954835753
200,24,ELO (full),133024.4998876152,48057.22039562536,222.18708171811625,0.816406080782281
200,24,w/o heuristic init (= LO),184468.46846846837,65567.34833137422,239.84265984442396,0.6454545533367742
200,24,w/o adaptive jump rate,133007.3637702504,48220.53770867063,223.08957058555862,0.8146171438538425
200,24,w/o elitism,132505.25525525527,47947.79507576881,222.32897471534153,0.8180353233608872
200,24,heuristic only,144015.50910316932,49622.71088333418,212.40940931815783,0.7964407779812077
200,25,ELO (full),143140.91680814943,44288.632927569015,277.0930348859382,0.8174438136952225
200,25,w/o heuristic init (= LO),150273.84393063586,46196.41479457768,277.89687231336137,0.7903571228037958
200,25,w/o adaptive jump rate,143782.8722002635,44466.72778270176,275.28610674716606,0.8164127537444189
200,25,w/o elitism,144316.46903820813,44612.33672554392,273.8395236118353,0.8155547997780269
200,25,heuristic only,172481.94993412378,52224.1282352539,260.6003076781975,0.7360175300444147
200,26,ELO (full),137421.97802197805,50975.152249475635,222.89053444171836,0.8626772815908306
200,26,w/o heuristic init (= LO),158782.5581395349,57178.76547735026,220.08496283889582,0.78918982115385
200,26,w/o adaptive jump rate,137707.4175824176,51063.86307161527,223.0169333710645,0.8613449792213479
200,26,w/o elitism,137974.41860465117,51142.26902371424,222.94711933824004,0.8603288310608095
200,26,heuristic only,145783.87533875345,52919.20411332141,221.7360682097583,0.8341157195999088
200,27,ELO (full),141170.24013722123,55626.83899948514,242.60512499883194,0.8265272589520722
200,27,w/o heuristic init (= LO),202381.9163292848,77242.48158943432,264.1623801049242,0.640367445751409
200,27,w/o adaptive jump rate,140862.34991423672,55610.43955133663,242.90682017275037,0.8269842920133036
200,27,w/o elitism,141468.91080617497,55765.3574439957,242.39490328598015,0.825485150587179
200,27,heuristic only,160578.90222984567,59440.06463516161,222.9771717663374,0.7952330832767862
200,28,ELO (full),133991.13618049957,44222.481782429575,206.06343088573303,0.6955756464203156
200,28,w/o heuristic init (= LO),136398.06607574536,44809.56169216229,205.78440284705638,0.6867515262942189
200,28,w/o adaptive jump rate,133204.7313084112,44011.825579671386,206.43349216493473,0.6984623775542836
200,28,w/o elitism,134511.68412570507,44362.21245115575,206.23321664872913,0.6934349221254728
200,28,heuristic only,159652.74532710278,50579.61806807892,199.4217951075641,0.6162145428767039
200,29,ELO (full),162112.94221050316,52356.32587489892,244.9979815946072,0.7825224857559798
200,29,w/o heuristic init (= LO),197986.08349900594,65375.617543555025,270.6125617129172,0.6625325779764333
200,29,w/o adaptive jump rate,155783.34431992957,51868.87362864573,259.8031964026352,0.7803909135342298
200,29,w/o elitism,159136.89299055148,52108.00100938938,251.77417276894903,0.7814230096009187
200,29,heuristic only,167569.98461876507,53726.80111352455,241.38963800948733,0.7720747533981815
300,0,ELO (full),117959.44967414917,84669.6984608221,312.82513256995765,0.6825847285301442
300,0,w/o heuristic init (= LO),138030.4093567251,96313.47460067076,321.8115210700935,0.6122972185614273
300,0,w/o adaptive jump rate,112785.9649122807,81629.93848721191,311.91353362110067,0.7033684753338465
300,0,w/o elitism,116784.26051560383,84219.7674966233,309.3110451239254,0.6888261830135953
300,0,heuristic only,150739.55960516326,103521.91689281468,295.29375417297393,0.5981496512926878
300,1,ELO (full),111081.43800440205,73502.25310964098,325.3664804074625,0.6523552525309948
300,1,w/o heuristic init (= LO),147993.09749784297,96168.75592820252,354.19732527053003,0.5216845037281492
300,1,w/o adaptive jump rate,118858.55588526212,78163.47601866316,329.51095105377084,0.6199906652484851
300,1,w/o elitism,109406.29800307218,72753.38508494191,330.58413624991755,0.6560093321363925
300,1,heuristic only,155545.08196721313,96455.61179835504,291.1847290045339,0.5452097344023344
300,2,ELO (full),120528.29409334985,95105.52353011695,284.46576154971217,0.647270995380488
300,2,w/o heuristic init (= LO),168416.24365482235,132009.78346691915,308.43627887008444,0.49824396667561455
300,2,w/o adaptive jump rate,133223.8695329874,104041.97118560295,281.3828793699852,0.6048076613081017
300,2,w/o elitism,125891.77168272794,98952.27195353336,280.5412909738549,0.6297080373795819
300,2,heuristic only,173799.8760842627,125566.23523870751,257.49766488770604,0.5280610848989455
300,3,ELO (full),114524.54991816697,92738.0383372753,303.96321611558244,0.7493918678777778
300,3,w/o heuristic init (= LO),136576.20320855617,108352.03521222135,299.5158695388294,0.6656235666056067
300,3,w/o adaptive jump rate,118816.84491978609,95663.7205230407,302.17394010542176,0.7315619812970371
300,3,w/o elitism,121362.75303643725,97435.20814621559,307.9796326176084,0.7173153110294457
300,3,heuristic only,139038.90611784603,108974.9791356852,306.78952283916124,0.6553651890225403
300,4,ELO (full),115143.14516129033,90532.4776159954,319.5051236302677,0.6681541628509312
300,4,w/o heuristic init (= LO),135024.5587106677,105414.90043460984,303.1154883965801,0.6048936375069356
300,4,w/o adaptive jump rate,130121.75324675323,101673.69327534315,307.4503391723697,0.6183401882283104
300,4,w/o elitism,117134.86842105266,91854.32619507283,320.8733833168517,0.6594594649961383
300,4,heuristic only,169805.33797505076,126322.60239718047,318.0384413114893,0.5157573199934613
300,5,ELO (full),132745.71708272153,99541.53135178752,375.0707622357606,0.6683600043940627
300,5,w/o heuristic init (= LO),157190.2621722846,116970.93243044321,407.4620847579637,0.583084778076148
300,5,w/o adaptive jump rate,133050.4385964912,100768.11059223911,378.9701184740304,0.6634698805915336
300,5,w/o elitism,131201.1095700416,99176.98120584498,381.10214736973967,0.6685827239937305
300,5,heuristic only,174233.72491434167,122818.86086076326,347.02615432113623,0.5907408384190671
300,6,ELO (full),131400.21739130438,87117.26681327286,381.3026206261208,0.6823468618882989
300,6,w/o heuristic init (= LO),181654.33854907542,115405.32063739299,411.46238929370674,0.5379376434274769
300,6,w/o adaptive jump rate,130879.5180722892,86581.39359868075,387.169921322223,0.6818918333874018
300,6,w/o elitism,135223.3502538071,89118.79264870894,390.6401221353243,0.6650043888629029
300,6,heuristic only,170383.04347826092,103913.5077968762,349.8059791566187,0.5992200937145206
300,7,ELO (full),136774.3950039032,98632.47055913093,337.8850965351975,0.6342085436079341
300,7,w/o heuristic init (= LO),194428.94393741846,137596.5474298638,374.1878652204322,0.4838998444759246
300,7,w/o adaptive jump rate,134313.18044938613,96392.50871408319,330.2394266384402,0.6475015093422631
300,7,w/o elitism,155869.62190352025,109752.99601736688,329.8274719191926,0.5861922699974321
300,7,heuristic only,176137.13226777856,119541.9036678896,295.14990873549004,0.5661138781420183
300,8,ELO (full),116205.5380459252,93490.61827377,327.99604068075564,0.6806747898046578
300,8,w/o heuristic init (= LO),162359.1380686353,124489.87115245694,350.75161526020696,0.537428371685927
300,8,w/o adaptive jump rate,119463.87434554975,95840.37113405217,328.79380263915925,0.6675750191778964
300,8,w/o elitism,120150.17064846416,96634.76286287347,330.57700791117077,0.663378334836758
300,8,heuristic only,160261.81900045025,121939.25273021565,296.319255086712,0.5773937171148888
300,9,ELO (full),150449.72067039102,118957.54860098565,393.97765891209826,0.5742508963414629
300,9,w/o heuristic init (= LO),184089.10891089108,145082.85727868314,406.8956618237111,0.49280611447471634
300,9,w/o adaptive jump rate,138866.58259773007,110077.57990829885,392.9589630409471,0.6093696016024968
300,9,w/o elitism,146622.8855721393,115417.60695224843,397.09061897304224,0.5847702654507427
300,9,heuristic only,191947.03656998734,146156.72172826572,366.90361607391446,0.49914132042602066
300,10,ELO (full),148005.3346265761,101223.47177224274,398.6436738561158,0.5944150141663036
300,10,w/o heuristic init (= LO),195024.97687326552,132126.50199323834,421.7642748334696,0.48296987726408225
300,10,w/o adaptive jump rate,145989.96655518393,100561.64631694935,404.18773209888906,0.59704395388144
300,10,w/o elitism,150859.53177257525,103048.14663601806,393.47758655059584,0.5886475797055244
300,10,heuristic only,218520.611057226,139299.68664312107,347.4801331404773,0.4873890652568991
300,11,ELO (full),133419.42604856513,108288.44688944927,365.0675626849479,0.6256935695542507
300,11,w/o heuristic init (= LO),208471.22861586316,169094.3143467726,458.11004991119216,0.42214348686261116
300,11,w/o adaptive jump rate,143071.75572519083,114268.2220399822,376.05807456468284,0.5915301616022481
300,11,w/o elitism,132400.66225165565,108011.56496242926,377.34183936068086,0.6240214707340277
300,11,heuristic only,180616.03989195928,134731.457810569,307.9880103821358,0.5357022203342972
300,12,ELO (full),144961.03896103892,102297.0462821081,341.7890257051957,0.5833735021582317
300,12,w/o heuristic init (= LO),148582.91457286433,104442.56141606782,345.62478875622264,0.5717825020034799
300,12,w/o adaptive jump rate,123550.31731640978,89826.23912021995,333.1803655758746,0.6567306792996865
300,12,w/o elitism,124628.1407035176,90292.50186737625,344.3613633425164,0.6481984064547566
300,12,heuristic only,178536.82037164492,118242.48896671536,306.05042233744285,0.5277573233439743
300,13,ELO (full),175409.74729241876,127637.78420188757,437.9707060206966,0.623765857169202
300,13,w/o heuristic init (= LO),223065.11627906977,151505.84911590547,463.1316888912197,0.5193979838181996
300,13,w/o adaptive jump rate,167912.58169934643,123637.51459679796,443.2214894361288,0.6432163985119992
300,13,w/o elitism,176181.3333333333,127606.20991841404,443.38440414272077,0.6214075637446297
300,13,heuristic only,229621.20211360627,157510.55737892035,417.3399921518326,0.5151403971140315
300,14,ELO (full),145942.93535481152,100635.89830935218,380.6020775420268,0.5265634422678938
300,14,w/o heuristic init (= LO),190074.65618860512,136236.7925537342,429.52499619375664,0.41609615978522585
300,14,w/o adaptive jump rate,133527.54237288135,95459.98861281037,376.93269118929817,0.5600416169305795
300,14,w/o elitism,137755.1063381764,98413.03907442855,375.4272992986141,0.5474803706743863
300,14,heuristic only,183323.22594230366,116639.95196870195,301.28897062197115,0.48779437500465733
300,15,ELO (full),134321.07279693487,108541.54022042706,395.55410734766895,0.6962202061620327
300,15,w/o heuristic init (= LO),149331.0344827586,120077.58980950943,406.3586928487317,0.6438840204757033
300,15,w/o adaptive jump rate,128781.56365557318,106584.8138477857,404.8032104667084,0.7067964208859988
300,15,w/o elitism,125282.75862068967,103543.55227133192,404.11048015335393,0.7209530377690946
300,15,heuristic only,173334.6539883783,130008.39499127185,384.1382664403832,0.6082066600786895
300,16,ELO (full),118241.65707710011,91407.26300177108,385.96425718731194,0.5989139134322822
300,16,w/o heuristic init (= LO),150062.9370629371,114894.1031044932,387.63344390028146,0.5003950211152742
300,16,w/o adaptive jump rate,132958.26377295493,100814.59234743044,375.1177140542574,0.5536085545112657
300,16,w/o elitism,124036.66146645867,94873.32196928203,371.42611582094054,0.5837648369317573
300,16,heuristic only,184906.11028315942,134157.91038611566,356.55350195006145,0.4475853524006498
300,17,ELO (full),119302.5089605735,83691.64305112792,296.8921347266557,0.6749242222613364
300,17,w/o heuristic init (= LO),133773.87640449443,95214.7098914319,340.59692461823624,0.5952238548695212
300,17,w/o adaptive jump rate,121351.27737226276,85222.17167603166,310.55787643940647,0.6568748031426795
300,17,w/o elitism,121113.28671328672,83834.5890914126,290.08747191795544,0.6759574922745903
300,17,heuristic only,153038.74092009684,100547.54071215125,273.37887883121294,0.607230257804504
300,18,ELO (full),182948.07692307688,138799.0445636001,409.8519246944111,0.4802080836076579
300,18,w/o heuristic init (= LO),196462.4,147890.2531611942,419.4027536564279,0.4531374260688825
300,18,w/o adaptive jump rate,155961.53846153847,120621.1549342224,386.5639186077852,0.548075146627023
300,18,w/o elitism,149636.8,116572.04856316093,389.2904738310587,0.5644219947434255
300,18,heuristic only,223349.60537854422,163569.56953854545,358.49983275770796,0.4322719236985297
300,19,ELO (full),128841.26984126985,108606.47414491662,336.932573176616,0.6993080123383896
300,19,w/o heuristic init (= LO),148237.9064234734,125306.6160164483,326.3862876561738,0.636358751780596
300,19,w/o adaptive jump rate,124953.98773006133,105990.50266778315,331.70400513181994,0.7168606426970434
300,19,w/o elitism,129955.59080095164,110423.6929648791,333.93802738491,0.6946449926571341
300,19,heuristic only,159387.61157695434,128926.08706853888,324.00171611299834,0.6143521831259695
300,20,ELO (full),125666.40440597959,85048.95152532302,338.72707295579136,0.565322447479202
300,20,w/o heuristic init (= LO),157477.32426303855,103533.37947613887,363.0058344552172,0.472643190577239
300,20,w/o adaptive jump rate,126203.77655389458,84534.88534533107,338.1374057048092,0.5651940628604739
300,20,w/o elitism,135157.03971119135,90328.21445098196,352.86380414007147,0.5313584189312265
300,20,heuristic only,184056.6483084187,113583.30698898323,285.6678333361512,0.463041443765026
300,21,ELO (full),134808.91238670694,110377.6370049676,365.8031003269769,0.6710814031074575
300,21,w/o heuristic init (= LO),165446.74329501914,136513.0282299741,385.96624765645305,0.5687707347098228
300,21,w/o adaptive jump rate,142427.49244712992,115950.56262456042,363.3612455698319,0.6469400655022692
300,21,w/o elitism,128582.08955223877,106293.46552467434,365.7592780464113,0.6929126193650861
300,21,heuristic only,171565.93548387097,132586.99455945677,343.46551689670014,0.5865488322746176
300,22,ELO (full),122300.81300813006,86652.40648279095,375.84676068502944,0.6062651028527872
300,22,w/o heuristic init (= LO),154550.9396636993,103022.05642055681,365.71695348477726,0.5167873746542575
300,22,w/o adaptive jump rate,129519.33701657457,90139.94423191652,401.55423498558207,0.5747385248680816
300,22,w/o elitism,126453.53366722316,88697.93258386951,385.64829353221,0.5890754556244878
300,22,heuristic only,203127.4346132444,130066.38294334085,354.7700354723079,0.4305752174892822
300,23,ELO (full),138903.38860850758,108305.22663364423,313.4820343262521,0.6184133421573188
300,23,w/o heuristic init (= LO),134694.30425378514,104876.9421676458,314.09397272168553,0.632656984791474
300,23,w/o adaptive jump rate,126391.19804400977,99150.48184765382,324.47531655441344,0.6570147827831256
300,23,w/o elitism,126313.62653208362,99533.5361316622,317.2484161032164,0.65997178481945
300,23,heuristic only,179061.12317716423,127325.04695843019,334.74725767030793,0.519350802094318
300,24,ELO (full),155444.35284418796,118036.0781259112,378.75605061074316,0.6215052645727103
300,24,w/o heuristic init (= LO),177715.92091571278,132820.6785891016,387.1126731005072,0.5631320932313955
300,24,w/o adaptive jump rate,151476.50453421267,116764.58468268266,378.6093011246169,0.6308571135566747
300,24,w/o elitism,148322.64957264956,113645.7779667422,369.03450569836497,0.6461372970399333
300,24,heuristic only,207509.96406403134,147104.926733075,361.4138460909963,0.5240625020587806
300,25,ELO (full),147474.52692867542,98666.11933081271,411.0118967151417,0.5726974109749119
300,25,w/o heuristic init (= LO),151415.87901701324,101228.90586901733,388.26796078895006,0.5661402020645026
300,25,w/o adaptive jump rate,132043.70179948586,90403.43028342545,392.22202383844717,0.6278660019115287
300,25,w/o elitism,134207.72946859905,91818.75441213226,390.8119536748499,0.6199022929873719
300,25,heuristic only,203816.62066850654,130249.80560700381,377.23002515090695,0.4566466348120243
300,26,ELO (full),143785.49848942595,117630.43048691677,408.5386127498812,0.5939631616753461
300,26,w/o heuristic init (= LO),202480.14440433215,158059.83728507423,447.73979572216257,0.4539187438952602
300,26,w/o adaptive jump rate,136531.72205438066,113379.09662638434,409.39172099369546,0.6156167012924227
300,26,w/o elitism,138695.96264762428,114796.84279595115,394.5751589999486,0.6134378883463485
300,26,heuristic only,213002.89226319597,162498.94704367477,331.1601754842426,0.481550286020069
300,27,ELO (full),141098.25033647372,112586.40224104493,471.24603009499697,0.6249794528383157
300,27,w/o heuristic init (= LO),167009.68188105116,131181.40215271068,481.45061806300504,0.5550751825274136
300,27,w/o adaptive jump rate,142464.7676161919,112759.41935964799,471.56322950790525,0.6217994027829723
300,27,w/o elitism,142957.11835334476,114372.56172030998,470.082882628392,0.6193911704032891
300,27,heuristic only,210817.99410029483,151808.18601119117,438.83634991422826,0.5045270544745328
300,28,ELO (full),109236.84210526313,95503.1271275756,368.0232144166625,0.6517924185047996
300,28,w/o heuristic init (= LO),141891.85905224786,117378.64477646918,372.1678071936294,0.5443963415146919
300,28,w/o adaptive jump rate,113914.73684210528,98084.38731376777,365.6179576580487,0.6351866764191076
300,28,w/o elitism,118696.56786271451,101518.97424290342,363.62891200066076,0.6180598704960389
300,28,heuristic only,172304.8455804047,134248.1683883951,349.22347820401467,0.49379550344140444
300,29,ELO (full),136400.0,97728.34735262624,380.35627167189364,0.6690902446763642
300,29,w/o heuristic init (= LO),158521.57360406092,109454.64561377645,383.29971715351815,0.606861779056614
300,29,w/o adaptive jump rate,130904.7619047619,94335.3419242009,375.95292750964325,0.6902958088208186
300,29,w/o elitism,141016.24129930395,100408.52453826407,388.7135982920732,0.6504507669226356
300,29,heuristic only,175279.99999999994,119248.22254248225,360.74177551166235,0.5809651751313876
400,0,ELO (full),180740.45801526716,130075.72056035913,438.23437899366184,0.6699872452816047
400,0,w/o heuristic init (= LO),223236.54390934837,152707.61236841837,445.3741012240629,0.5816138477086562
400,0,w/o adaptive jump rate,175353.30261136708,126919.02051287226,434.59874147871005,0.685450193070146
400,0,w/o elitism,165108.0729166667,121737.93042630113,424.7393523625107,0.7168773135168226
400,0,heuristic only,213456.5104166668,148618.46461487497,405.8516246207009,0.6135428748537135
400,1,ELO (full),216276.220145379,159246.2428604538,557.0185402446118,0.5212759799713925
400,1,w/o heuristic init (= LO),207222.3950233282,151237.77608754026,564.5023446169879,0.536451660716127
400,1,w/o adaptive jump rate,174689.06115417738,131432.58177692536,541.1902088164386,0.6099030039631308
400,1,w/o elitism,199512.077294686,148465.43908037973,558.8849113271633,0.550192898025193
400,1,heuristic only,300280.25889967656,208437.53805050388,497.8132143654432,0.44232073315331577
400,2,ELO (full),185544.57652303114,132371.913843843,435.15351904384727,0.7200785230082016
400,2,w/o heuristic init (= LO),269532.0623916811,184373.99055750394,459.53418031174743,0.5518310006511723
400,2,w/o adaptive jump rate,190019.209039548,134591.37704832715,442.6347510363464,0.7059561535893837
400,2,w/o elitism,193103.07234886027,136372.1810361425,432.7198180165967,0.702648262549239
400,2,heuristic only,241865.16853932582,162763.24647433637,429.33183425002267,0.6098691679159711
400,3,ELO (full),182817.7737881508,155696.9077006128,492.3779436832382,0.661403410506197
400,3,w/o heuristic init (= LO),255732.1100917432,212959.77187641413,504.4900618212614,0.5281672468267787
400,3,w/o adaptive jump rate,186484.9187935034,160515.4372135426,495.35920291964715,0.6495634954028092
400,3,w/o elitism,180127.42980561554,155518.41217029293,489.1527354020487,0.6674693275479576
400,3,heuristic only,215930.95616625037,177843.99733186568,457.387120755022,0.6109336147819406
400,4,ELO (full),161614.78599221792,118018.30156300779,441.40885176915265,0.6218218663989192
400,4,w/o heuristic init (= LO),204469.7986577181,144529.8091408069,451.16335112701046,0.5199630118870632
400,4,w/o adaptive jump rate,155095.20295202947,114337.19749561416,435.27107849935237,0.6425782695368267
400,4,w/o elitism,161835.59457302475,118542.05681643762,446.41362681317185,0.6191564417573243
400,4,heuristic only,237327.45459331406,160622.83342347908,419.4159855628792,0.48011003699594956
400,5,ELO (full),203369.5652173913,159380.85138142202,537.4182929983442,0.5212489692103185
400,5,w/o heuristic init (= LO),199621.32352941183,155677.9312582453,539.1881228067006,0.5287517289077588
400,5,w/o adaptive jump rate,198886.34686346864,155120.30376150738,544.002647627515,0.529008239373622
400,5,w/o elitism,165476.47058823533,131115.78723522066,535.9701138813343,0.6083124700552283
400,5,heuristic only,279060.06322444667,205680.7899650675,521.2813975228653,0.42685866561977504
400,6,ELO (full),167890.72543617996,116082.91116047738,444.67543953285906,0.5458325705870615
400,6,w/o heuristic init (= LO),189609.75609756092,127995.45367748197,458.3904821037557,0.49702264638913485
400,6,w/o adaptive jump rate,151193.7557392103,105821.06426211011,445.8872408728919,0.5901476128249177
400,6,w/o elitism,157943.2727272727,108826.22268453309,440.56310797656937,0.5742088289350447
400,6,heuristic only,226792.29218014778,144464.81901726854,430.0642734477038,0.44990792366969945
400,7,ELO (full),198231.06546854944,149366.8237494773,425.1408498360433,0.5391001344445246
400,7,w/o heuristic init (= LO),231300.07558578986,174799.8251703855,428.1165052299783,0.4787179006848939
400,7,w/o adaptive jump rate,189943.96211523283,143817.69431929282,434.46324816572996,0.5537392561149725
400,7,w/o elitism,177379.04967602596,135061.5401424142,431.1257481803664,0.5843318302741656
400,7,heuristic only,273690.7216494846,189243.3566625826,392.116447476177,0.44487952377926326
400,8,ELO (full),177159.92518120172,154087.2698888607,557.2491797926447,0.7125233417806462
400,8,w/o heuristic init (= LO),297045.45454545453,242977.15698068443,626.1391747393716,0.5038456206090113
400,8,w/o adaptive jump rate,168376.7507002801,145964.5908159778,548.1462862104071,0.7414705926776344
400,8,w/o elitism,178200.75757575757,154492.6783247611,552.5645969977561,0.7124373214895476
400,8,heuristic only,230534.01917231703,183104.14409150078,502.50032504583464,0.6439016454185876
400,9,ELO (full),200898.56169568514,171903.19530946916,591.8632759765821,0.6835210016622066
400,9,w/o heuristic init (= LO),254137.33905579397,213200.7334678367,661.7157558985277,0.5666287530864533
400,9,w/o adaptive jump rate,197137.77441332318,168627.9202953563,593.0677410361621,0.691808011890048
400,9,w/o elitism,212038.60711582133,179103.40670647242,614.5925400148111,0.6531991270556219
400,9,heuristic only,249817.93254729925,202297.06035856172,533.286942257064,0.6268771150749973
400,10,ELO (full),169850.42735042737,105693.92624666239,537.8932776708475,0.524590418404595
400,10,w/o heuristic init (= LO),219778.15699658706,136014.0791378226,580.7123330784375,0.42238866609402764
400,10,w/o adaptive jump rate,165426.0593220339,103399.16233426204,528.1193624930712,0.5371159674751382
400,10,w/o elitism,167147.66949152548,103957.9510353488,512.5273729468761,0.536704378993877
400,10,heuristic only,259058.2627118643,138802.21491023892,452.05909302153736,0.4155292956322464
400,11,ELO (full),185115.8038147139,140597.87208877475,583.93697674991,0.5357956851123247
400,11,w/o heuristic init (= LO),264712.77842907386,194426.90216884468,666.5170572666758,0.39963070559018754
400,11,w/o adaptive jump rate,205798.43444227008,152124.6325603942,558.107349284311,0.5032538295881305
400,11,w/o elitism,185773.52472089315,139874.29876704482,561.4221663543275,0.5403976939067264
400,11,heuristic only,259496.20253164542,175321.54404016098,437.040097796065,0.47064252336077034
400,12,ELO (full),173484.51327433626,133427.7671571604,410.09734917537014,0.6439012809962398
400,12,w/o heuristic init (= LO),224311.72291296616,171627.6058954268,453.1014328373736,0.521878534742503
400,12,w/o adaptive jump rate,169747.77975133216,132283.2469900455,427.45697186097266,0.644620547964716
400,12,w/o elitism,187909.51821386605,144887.00991588648,423.49219422200355,0.6019785881775899
400,12,heuristic only,244501.93050193056,174138.81146438315,402.53446029267525,0.5216125431388781
400,13,ELO (full),167520.8711433757,105434.46901910343,484.18924653274513,0.6498577398666295
400,13,w/o heuristic init (= LO),243450.30120481923,151514.52745809965,556.1970547493179,0.4862565374365767
400,13,w/o adaptive jump rate,164009.77198697062,103116.83560553852,484.0122123889154,0.6595357809180578
400,13,w/o elitism,162215.4420921544,101711.59512302105,483.9150729077354,0.6649611762737586
400,13,heuristic only,210879.19463087234,121920.5109046618,412.0633813521333,0.6053552553864923
400,14,ELO (full),183569.4945848375,140324.6470432703,513.0407657757437,0.6630483871249366
400,14,w/o heuristic init (= LO),215880.98495212037,161506.4771322693,505.9243570235254,0.5973788097171034
400,14,w/o adaptive jump rate,174883.26226012793,134428.95227289665,504.9430396071039,0.6887216531703455
400,14,w/o elitism,192421.34062927496,143926.23576487802,521.4619676619698,0.6418603812398206
400,14,heuristic only,244757.46268656725,169263.21440009426,461.5713154927366,0.5783257459171662
400,15,ELO (full),182306.9958847737,140887.38902209594,489.8909937641337,0.6002313273576143
400,15,w/o heuristic init (= LO),217152.2842639594,163612.69989338508,495.06647754413416,0.531285696300501
400,15,w/o adaptive jump rate,189517.7664974619,144668.86453244727,484.8299087466238,0.5869723750797566
400,15,w/o elitism,177553.2994923858,137063.76651975812,493.5920258846664,0.6109453441692194
400,15,heuristic only,293302.5680142383,207032.6337428409,459.9105599108915,0.4533075582480658
400,16,ELO (full),179498.96265560164,138989.94818216504,529.8662564953477,0.6742651981414296
400,16,w/o heuristic init (= LO),207462.6556016597,159732.44462926793,539.2480671280304,0.6046677172244523
400,16,w/o adaptive jump rate,169621.8700475436,132121.0804777946,525.2516445804715,0.7036944004478806
400,16,w/o elitism,176541.49377593366,137345.03359767474,519.8885114968962,0.6849864794112832
400,16,heuristic only,230707.44849445327,167467.15241612983,478.5270186874438,0.5922415368299261
400,17,ELO (full),176118.29537105074,109294.23758640111,396.59087666990956,0.6100540771826671
400,17,w/o heuristic init (= LO),227408.39041095893,134427.11041981392,389.3298253497326,0.5130532742382704
400,17,w/o adaptive jump rate,177702.05479452055,110404.67558142898,393.52886845942464,0.6066457168879309
400,17,w/o elitism,180647.31814842028,112382.60734332616,403.41803453608,0.5953844704226393
400,17,heuristic only,245096.94656488553,138886.6202797343,384.04738498259667,0.494273256826243
400,18,ELO (full),167959.91778006163,120492.51426916839,477.82360656835715,0.6287682927769193
400,18,w/o heuristic init (= LO),236183.87096774197,165824.84174137542,500.96579103316776,0.49962103618528864
400,18,w/o adaptive jump rate,160469.03619712166,115837.4868627372,463.31506949502693,0.6540526660155479
400,18,w/o elitism,160118.95910780673,116782.6106809881,471.78462491303026,0.6497272275724923
400,18,heuristic only,215807.6755342346,143354.26679297496,427.91308103386075,0.5680172703540274
400,19,ELO (full),165183.60433604335,130937.06271795544,442.6877462080939,0.5946522630309409
400,19,w/o heuristic init (= LO),213483.91420911532,166267.86680151295,462.20589449166613,0.49323828907995293
400,19,w/o adaptive jump rate,172376.953125,135211.32797031378,444.07889651045366,0.5778237231504366
400,19,w/o elitism,163135.3887399464,130558.24941487573,435.048130569141,0.6015793973528434
400,19,heuristic only,252826.2250453722,185088.30613014268,380.07164735368394,0.48284762795736985
400,20,ELO (full),189980.8773903262,152118.64751441506,553.7945856971909,0.6297919684061632
400,20,w/o heuristic init (= LO),243920.39800995027,189997.278919603,585.2758374895752,0.5226493322498045
400,20,w/o adaptive jump rate,191909.09090909094,154834.887090595,552.4207719029414,0.6243929771644783
400,20,w/o elitism,189351.03510351037,152564.56754725403,540.8330910349025,0.6344027421231802
400,20,heuristic only,277666.97332106734,201994.9495854128,479.02246597328997,0.5227101891700271
400,21,ELO (full),147659.66690803765,99770.7005900553,524.6663159901448,0.739418527420959
400,21,w/o heuristic init (= LO),174878.0487804878,115942.04151691974,519.8849259890834,0.6649529488128818
400,21,w/o adaptive jump rate,155133.23678493846,103986.89350099146,525.8392081626046,0.7157287679291124
400,21,w/o elitism,150748.13488510888,101315.49708654053,525.3555907481114,0.72965112935427
400,21,heuristic only,201668.23687752357,129199.02191167281,518.5830062994198,0.6127444084770607
400,22,ELO (full),186951.69082125602,148505.42035917175,543.9046853869522,0.5300516174726806
400,22,w/o heuristic init (= LO),220487.2483221476,170633.64511900127,506.1690500538997,0.4742328140105766
400,22,w/o adaptive jump rate,213731.884057971,169247.03526405105,552.5329129207673,0.47451165480090374
400,22,w/o elitism,203509.9818511797,162163.41989468914,569.8427347086717,0.48995580557612706
400,22,heuristic only,324913.46704871056,229087.03924301293,492.69724936588307,0.3656859957127115
400,23,ELO (full),161514.03678606005,115775.40266773538,463.38318858811954,0.6167651296181371
400,23,w/o heuristic init (= LO),194886.7376573088,139202.39026244322,495.26830295062587,0.533756112843931
400,23,w/o adaptive jump rate,153272.7822580644,110687.88686039113,448.25900124138064,0.644761924644428
400,23,w/o elitism,156452.01668984705,113738.75046497556,464.53012219204413,0.6276266150565137
400,23,heuristic only,223216.53225806443,144721.33405708743,409.10185760208583,0.5411623078634986
400,24,ELO (full),159797.91200596569,119388.16802083202,464.26649080406,0.6813545320698684
400,24,w/o heuristic init (= LO),206614.06377759605,153305.34159743547,482.8061213065407,0.5661229782310189
400,24,w/o adaptive jump rate,156400.6541291905,117179.37770423487,467.2099265452882,0.689953871927572
400,24,w/o elitism,161944.8024054983,120729.14907197052,466.4269047910587,0.6744563639860098
400,24,heuristic only,197408.50515463925,142209.35040901887,434.4708270636264,0.6094996744035414
400,25,ELO (full),159236.80148193883,117743.63843850726,515.0144324366811,0.6613912016422816
400,25,w/o heuristic init (= LO),195789.8617511521,137241.1738213923,499.62871249301685,0.5783309841471433
400,25,w/o adaptive jump rate,164680.14819388697,120448.37083892498,513.9633102407496,0.646715955034316
400,25,w/o elitism,168488.47926267274,122513.1296224662,509.36069687794213,0.6378172254083216
400,25,heuristic only,255736.02963877737,168552.99249468712,503.88449830008983,0.48486726648002965
400,26,ELO (full),201677.03568161017,160814.38626509393,532.9808025038399,0.5981675478294903
400,26,w/o heuristic init (= LO),255987.8419452888,202092.47125973724,548.2342662895447,0.49784831301322996
400,26,w/o adaptive jump rate,190202.4096385542,152267.69675346327,534.5210125429358,0.624855076685876
400,26,w/o elitism,199430.18867924527,158919.39141319552,542.6055114859832,0.6010833010325161
400,26,heuristic only,258038.6141232478,193409.49831991552,483.5010528076714,0.5206218204667696
400,27,ELO (full),162736.2288135593,133641.5187708219,444.3971101719973,0.7491866756775969
400,27,w/o heuristic init (= LO),181744.7033898305,148435.51103614032,443.43251016532497,0.6938592590954534
400,27,w/o adaptive jump rate,168131.6165951359,137845.3555001364,443.62707795808876,0.7324495303804812
400,27,w/o elitism,170266.9950738916,138863.5802310756,436.2487984221964,0.7305149174896991
400,27,heuristic only,205719.54674220964,160047.87852266582,422.0592826792904,0.6567985732589013
400,28,ELO (full),187482.75862068965,132994.15877976312,519.3443830409507,0.5807835730966617
400,28,w/o heuristic init (= LO),261157.11947626842,176371.75522199276,566.7312628036777,0.44716429222412823
400,28,w/o adaptive jump rate,191189.57345971558,135023.719881045,524.0932313353844,0.5715343823957606
400,28,w/o elitism,179264.4077613669,127982.0833660819,512.4734128990482,0.6023334108484024
400,28,heuristic only,286804.807413843,183482.77633997472,438.62332154642587,0.4558926674068764
400,29,ELO (full),182357.43801652896,130553.95551250089,553.5776770390491,0.6039856694405648
400,29,w/o heuristic init (= LO),215452.33050847455,150290.9223105833,529.1220514702396,0.5434161777824958
400,29,w/o adaptive jump rate,218480.91603053437,153493.00663041542,541.5784507309761,0.5334443503741347
400,29,w/o elitism,187051.90677966102,132653.30293280768,558.8861057717254,0.5926905262694615
400,29,heuristic only,274776.4558547278,175429.7181717949,523.4537265216363,0.47088288806593215
