N,run,elo_fitness,nsga2_fitness,nsga2_makespan_ms,nsga2_energy_J,nsga2_cost,elo_front_size,nsga2_front_size,elo_hv,nsga2_hv,nsga2_runtime_s,nsga2_evaluations
100,0,0.8461698553382114,0.7039534828141566,103401.83792815372,35763.346801132095,108.52567014993517,6,20,0.14140583829077258,0.23702899766935823,0.08899623399975098,1000
100,1,0.8081789399545236,0.8045284838733953,83017.68172888015,36954.302726225455,115.83377381094881,6,20,0.07930502343194362,0.10907861013507561,0.09584512999981598,1000
100,2,0.784369633110533,0.6549258453382443,96814.65880370684,35003.074352930256,112.33603466843998,4,20,0.10759776136265453,0.20569684896699372,0.09651366899970526,1000
100,3,0.8176625257386378,0.7396870080398789,77617.74193548388,28760.618411071366,85.44547161072191,4,20,0.13411279292789025,0.3332085335651465,0.09407953399977487,1000
100,4,0.7294435552264271,0.7318457245876293,69529.22590837281,25871.503179638657,115.55968608286105,5,20,0.043144241163446076,0.06963708390000198,0.0983161970002584,1000
100,5,0.8698340098293165,0.8689201085409464,67008.03305026394,20364.198782858075,111.93758126298837,6,20,0.0767583151105196,0.1072435782129634,0.09401277100005245,1000
100,6,0.762749260658497,0.767025964336333,69570.110330993,22508.911351430062,103.536086490327,6,20,0.0914471636959491,0.20244247352494962,0.09617432499999268,1000
100,7,0.7108168916387925,0.6579935966034092,76895.04132231405,31184.848895890762,111.10569296894411,6,20,0.11587958702195744,0.29731528712230015,0.0916896970002199,1000
100,8,0.8279183666525449,0.7784900597631906,66657.64331210192,26341.102233015074,84.25212722660183,5,20,0.1575115572816984,0.42339058871434915,0.0922766949997822,1000
100,9,0.7058671197560888,0.6743202313312389,76070.10309278351,30423.275623687536,109.94354302856325,6,20,0.13477641592967962,0.27055552445824615,0.10870947100011108,1000
100,10,0.7226248155525843,0.678617263691622,73369.79969183358,26988.98394962988,102.04672009456786,4,20,0.13684136315037423,0.290746678357438,0.09337762600034694,1000
100,11,0.6592421328324046,0.6388814045425364,90166.11295681064,32481.65807590515,142.3690792804295,5,20,0.1389515342304155,0.23727080244003573,0.08926041899985648,1000
100,12,0.7574005714558536,0.7106425110678098,74733.6343115124,23402.612589903903,110.36912487726079,5,20,0.23815400763704714,0.34428616996853756,0.09098990999973466,1000
100,13,0.7883202820297306,0.6511995174941442,122222.3154362416,40613.99326295177,122.20564821729472,7,20,0.13647883681801856,0.20581915030972853,0.10242578199995478,1000
100,14,0.8227016902084424,0.7761409836359403,80473.64620938628,27518.76215285986,117.8552743001318,4,20,0.1203435616515826,0.31700778747554154,0.0934494690000065,1000
100,15,0.840873736778807,0.8379129879564028,65912.29221347332,18050.559669295773,107.29661258814517,4,20,0.06857641325003004,0.10656331194822277,0.09586702100023103,1000
100,16,0.7898767954926679,0.7506224060634445,78016.45207439199,30725.40940285856,83.59906978891632,4,20,0.10230315858077989,0.23123999056845085,0.0903216510000675,1000
100,17,0.8423661405690105,0.6824592220884342,122022.98850574713,44522.07597346844,123.15388033343899,8,20,0.18911108355704065,0.3423921007069868,0.09853364600030545,1000
100,18,0.8623435035011346,0.8416324875566981,101122.72872170863,40060.35970884253,149.48299146368288,3,20,0.15049939364869194,0.3758132175413493,0.09019018599974515,1000
100,19,0.7287649445928225,0.7230270107255827,72724.7191011236,26090.627753080884,95.07968965757908,7,20,0.11115750708817979,0.2448890510038294,0.09254143800035308,1000
100,20,0.8733544254460026,0.7076394046533767,105039.32584269665,36274.41646884594,85.89813562559382,6,20,0.241822871057746,0.3870341345276549,0.12491589799992653,1000
100,21,0.7472576844756926,0.6063901480929567,105993.7548790008,30232.0184935836,92.10731917136582,7,20,0.1530876963054813,0.2679121646450454,0.08969783299971823,1000
100,22,0.858577616807638,0.8596640830069707,68802.00501253133,29365.012910034708,112.06994703980533,5,20,0.12610568813622597,0.2807347412884977,0.09318183000004865,1000
100,23,0.7984914710671009,0.6967312499533287,92752.93255131964,24230.105537046074,111.20023631190294,5,20,0.1402165833270278,0.24208217676140723,0.11258184000007532,1000
100,24,0.8362810945937055,0.6867932483556447,110095.6979806848,33403.46640203829,110.76131755510224,5,20,0.15735284597216576,0.2547020074851868,0.08947531800004072,1000
100,25,0.7537650387130872,0.7481077713449277,80774.48293047596,30269.653765708565,116.25893580548569,5,20,0.1817821071073415,0.34447552492370415,0.0904384789996584,1000
100,26,0.8288165119428336,0.8220988318044385,92528.71287128712,37064.85458960736,136.12993488624855,6,16,0.12368697519077994,0.15118969605156204,0.09761369399984687,1000
100,27,0.7870111044860167,0.696899178721468,93070.49965776864,30555.201638421633,118.23896406321211,6,20,0.15574692553595681,0.1642630110874538,0.09588115199994718,1000
100,28,0.6929551192049391,0.6696695767602086,57211.8758434548,18523.74267548591,98.79418088035783,5,20,0.12753212329219454,0.2646267418527082,0.08866447999980664,1000
100,29,0.7908327873402814,0.7850034731795548,71542.93125810634,24984.83370883543,106.90905352130335,6,20,0.1682211610339976,0.3973848824311786,0.09042045100022733,1000
200,0,0.7885608246321031,0.5946746078853923,273123.7113402062,94579.8190702581,213.44972089054025,4,10,0.10963853230856116,0.0969717386734057,0.12739292000014757,1000
200,1,0.7209334254295588,0.5504031911855367,191559.67741935485,65129.13212079294,168.28119124705273,4,20,0.11630798349382171,0.12624307095440038,0.13021849200004,1000
200,2,0.7804378896785562,0.5828077557813346,229350.24154589378,62307.70260038979,240.83057643112411,5,19,0.18630622286551768,0.042451596720350676,0.1298788379999678,1000
200,3,0.7905534941561585,0.7627175815751959,156696.15912208505,43513.350470346544,223.486778913077,4,2,0.05404516343136648,0.013707033176242637,0.13356168600012097,1000
200,4,0.8376439089506451,0.6065840250136486,275352.28070175427,91029.3043905005,214.11872414909772,4,20,0.1843820582852278,0.2386058143795899,0.12859656099999484,1000
200,5,0.7997482664685269,0.7090770344185311,142168.17496229266,47972.83015970167,207.43165034464826,4,20,0.1701525229306427,0.15229607925046956,0.1322082770002453,1000
200,6,0.7526760885817665,0.6041984830051825,197010.7973421927,67409.92295652025,149.92261072827364,6,20,0.12424351269473899,0.16969602308248632,0.1280708939998476,1000
200,7,0.7292217094615686,0.5826765216036066,208350.00000000006,77481.05377666329,170.81657623885405,5,20,0.09757824952111757,0.11108691607692094,0.1339900560001297,1000
200,8,0.6903038354099958,0.5291843453411769,298738.1275440977,104304.24253302105,231.94435893301215,6,20,0.11218920635027423,0.16145661917230406,0.1338095669998438,1000
200,9,0.758705391390291,0.6364463320355801,186328.03180914512,51794.64667119688,224.42666486486314,6,19,0.12100633688589744,0.09081948832036135,0.13753913399978046,1000
200,10,0.7901667765547881,0.5734404872043286,333638.7240356083,95333.23081674482,246.76272429807292,4,20,0.11285019290718815,0.22820779278672643,0.13977053100006742,1000
200,11,0.6928175811177675,0.5190933272679009,231359.24369747908,83765.76285970285,180.047305131697,6,20,0.09946580378501649,0.10243625488020158,0.12818268299997726,1000
200,12,0.765675000947966,0.7112892151941906,153081.04575163397,49714.92175713046,226.61413444872042,6,4,0.08292496481594783,0.008804776988461339,0.1678236630000356,1000
200,13,0.694027737154538,0.564168974149564,225821.36894824705,82976.12638038713,187.30109500330542,5,20,0.08880881621931547,0.07941015030500444,0.13290965699980006,1000
200,14,0.7581209438133254,0.6167013188661805,187135.8828315704,61511.854762000024,187.85664759175643,5,20,0.11937535542845303,0.10383925098075772,0.13934556699996392,1000
200,15,0.7295942556936075,0.6515018096122072,145716.91436659588,57196.81336186908,166.2431693571242,5,20,0.10710314170991551,0.16209362890861737,0.12610493600004702,1000
200,16,0.7634756566875811,0.5390870512518451,259719.3947730399,90117.40289875862,193.40888371074237,4,20,0.10722193519646765,0.20258945626896321,0.12494238699991911,1000
200,17,0.7394427952618796,0.7146265335359849,135354.98627630374,53148.94021145922,193.11374711057,5,20,0.121311930707742,0.19806942313798837,0.12653761299998223,1000
200,18,0.8318503127684866,0.7134537829152321,152024.82269503543,56960.545232652235,225.5673150336751,5,9,0.24131311991240395,0.03194791549970753,0.13061837399982323,1000
200,19,0.7578516811105972,0.6087187397974724,240631.90730837788,88509.64516046157,255.566870268229,5,20,0.11205274807303758,0.1709366616386932,0.14540899600024204,1000
200,20,0.8224209763281469,0.6985997690294949,175532.41800152557,54963.061313676255,222.51380431476593,5,20,0.1498763509554212,0.15191456182149993,0.13118174500004898,1000
200,21,0.7644662031867897,0.7249546154213229,175403.90879478824,47596.72798051176,248.83784969971276,6,6,0.08080058742305168,0.034197899229224726,0.14620045699984985,1000
200,22,0.8163837562462655,0.7020578203055918,167811.78396072012,56450.6130579937,239.39783616836047,7,2,0.16957604439414845,0.0010000000000000026,0.13433474700013903,1000
200,23,0.6772669728679027,0.521349826512236,212297.35682819373,65658.54040533229,218.10259143554444,6,20,0.08994776395360504,0.09575837523771477,0.12770167999997284,1000
200,24,0.816406080782281,0.8064736341687484,136042.04204204207,48951.29545299552,220.97052341811496,4,3,0.05083879447769238,0.05372794003738943,0.19301646900021296,1000
200,25,0.8174438136952225,0.7093860727968435,178760.11355571327,53832.61123634351,272.36877294202554,6,18,0.12091865394317614,0.10075039109831732,0.1320893120000619,1000
200,26,0.8626772815908306,0.7172191760254951,185776.80698967434,65602.14704004809,216.990752426578,8,20,0.14444858796165588,0.1577357717652159,0.12984020499970939,1000
200,27,0.8265272589520722,0.8193777477363048,142800.2699055331,56233.094287343105,243.42144339753312,4,12,0.05945154675758645,0.055465445401290975,0.13994371299986597,1000
200,28,0.6955756464203156,0.6753248494317441,140062.77372262775,45980.12894236573,200.64118138525276,5,20,0.09413708968496466,0.2003102326252211,0.14400139100007436,1000
200,29,0.7825224857559798,0.6299050989477218,217934.3936381709,71009.92978281909,268.3043909831092,7,20,0.36052789270681385,0.031352500165922184,0.1398222689999784,1000
300,0,0.6825847285301442,0.6571061738274229,125328.45188284517,88050.10591061045,314.93372468642985,1,20,0.05132914038005707,0.07307248230130031,0.16310038499977964,1000
300,1,0.6523552525309948,0.5415211499392362,142998.27437446069,94020.41965612916,336.0149882255915,1,20,0.11251737072338082,0.05632547370200909,0.16395812699965973,1000
300,2,0.647270995380488,0.5082906968541323,165967.32788798134,132385.19676212507,294.6181576863874,2,20,0.1630649588170378,0.07217895896767215,0.16473656799962555,1000
300,3,0.7493918678777778,0.6804532735596063,134436.9885433715,108220.20994792788,283.7104720409601,6,20,0.11313210408844729,0.14628655973237084,0.16550139099990702,1000
300,4,0.6681541628509312,0.605582500222571,134719.39586645467,106531.12731174377,299.906337745483,7,20,0.12651623614035712,0.13949606106914633,0.16513328900009583,1000
300,5,0.6683600043940627,0.611888565715498,148623.22097378282,111342.95636412868,391.99189890990885,1,11,0.07275361395453671,0.014973780703236954,0.1696019679998244,1000
300,6,0.6823468618882989,0.5457093691184818,179080.6916426513,114596.21510884678,403.0995103004759,1,20,0.1404433234566433,0.03334846428497923,0.23427969600015786,1000
300,7,0.6342085436079341,0.5509217318996584,166900.85870413744,120647.90806546972,339.11398503631335,1,20,0.05057876494438817,0.023369976688235587,0.1669752249999874,1000
300,8,0.6806747898046578,0.6179617186881924,135990.25748086287,106115.45540533832,324.0645163958647,1,20,0.04407157596300688,0.03422007028088632,0.196185210999829,1000
300,9,0.5742508963414629,0.5372959589670938,168681.41592920353,133675.602585549,372.2648377345731,1,20,0.03802915767744662,0.05403594402358945,0.16416812299985395,1000
300,10,0.5944150141663036,0.5137644677534963,180219.32114882505,122699.45429245684,409.8463223806316,1,18,0.07842792292088144,0.04754735910231296,0.16183476199967117,1000
300,11,0.6256935695542507,0.49009671602243826,175578.62595419842,144059.22613025387,416.2664378449568,1,20,0.19093180045473832,0.03450997518832344,0.17560112000001027,1000
300,12,0.5833735021582317,0.6056454511460923,140370.26841018582,99417.09777052313,322.6906152671609,4,20,0.026485170335593156,0.08688574975243737,0.21634839599983025,1000
300,13,0.623765857169202,0.5437364126290879,215327.58620689658,147548.0321762942,413.83474334792965,1,19,0.0467025562370223,0.021667287350550915,0.1619431250001071,1000
300,14,0.5265634422678938,0.4554169867902997,174061.89555125727,125536.79723628153,388.23688323699366,1,20,0.04549353097228708,0.013498073731910764,0.17005672999994204,1000
300,15,0.6962202061620327,0.6323586515452881,158943.2684165961,124637.6561811055,388.54521894382987,1,20,0.04500303964903515,0.046442926789544633,0.16509930799975336,1000
300,16,0.5989139134322822,0.49618100601207177,153964.40564137002,117536.75125011051,373.9210660692926,3,20,0.08320222097426891,0.059749184326940326,0.16502392399979726,1000
300,17,0.6749242222613364,0.5982860748602735,134287.41258741257,94743.57583296055,335.11237523567337,2,20,0.1944171606801504,0.06582338162774151,0.16662889799999903,1000
300,18,0.4802080836076579,0.5134499839801213,171954.26195426192,131011.98551925515,374.84799170266854,4,20,0.00808023597408163,0.04447858471389477,0.16813123499969151,1000
300,19,0.6993080123383896,0.6435377858637606,145964.93688639553,124284.55463814105,323.594765515721,4,20,0.1370081012566047,0.14747287017116886,0.16859480299990537,1000
300,20,0.565322447479202,0.527745523111578,137921.62162162163,91578.0016128575,343.31435721963777,1,20,0.058050113518444954,0.057870396483054636,0.16703912699995271,1000
300,21,0.6710814031074575,0.6246478787307918,147732.8023171615,124864.33086371626,359.3269103260471,1,20,0.07829026308267181,0.07677340300609052,0.17005758100003732,1000
300,22,0.6062651028527872,0.5477467440168526,145620.10347376202,98372.34338871203,340.55441327497624,2,20,0.0356624489230068,0.017483479963561397,0.16568569299988667,1000
300,23,0.6184133421573188,0.5971211333080795,150534.44816053513,115813.53174744015,292.13508812821146,5,20,0.08585432411314625,0.12032532592211145,0.1615238419999514,1000
300,24,0.6215052645727103,0.5857429945921644,173679.59183673467,129224.90597678108,359.10502538984537,4,20,0.05395885087297855,0.062412838612239147,0.16386162499975399,1000
300,25,0.5726974109749119,0.5520142577622815,157971.7046238785,104985.52219446331,373.7198850730918,6,20,0.04793796579211956,0.06668203027997846,0.16557004900005268,1000
300,26,0.5939631616753461,0.5363337550920644,170053.76344086026,135525.90028726478,378.4279563700005,1,12,0.04095234086120206,0.03710795184575684,0.1649377110002206,1000
300,27,0.6249794528383157,0.5807101980573603,158056.5275908479,124529.23653148854,468.7045849747974,2,20,0.042293288126982076,0.04188347824281359,0.16548697100006393,1000
300,28,0.6517924185047996,0.5802897385481303,130718.24104234525,108811.82617260497,363.33088082344307,2,20,0.07927311233673132,0.07091161247364629,0.1796049290001065,1000
300,29,0.6690902446763642,0.6319891656308136,152780.8734939759,104951.71125613154,366.7263384528068,1,20,0.04950771620306548,0.09027604438459594,0.18568771099990045,1000
400,0,0.6699872452816047,0.6393948963949703,197950.84485407066,139587.80360370188,417.2840527242531,2,20,0.047939340811208916,0.04774352456355361,0.20196112600024207,1000
400,1,0.5212759799713925,0.5816940013037877,190072.25630538512,139248.98324619184,526.0867390427206,6,20,0.014419179383873992,0.08667324401562182,0.23684534299991356,1000
400,2,0.7200785230082016,0.6276481379773631,232056.46817248454,164997.14184610685,407.8423601769591,3,20,0.09552799896076483,0.08992510100551779,0.20589045900032943,1000
400,3,0.661403410506197,0.5513660290491109,242433.7568058076,202486.71248931345,491.03034203900586,1,20,0.05987535226049767,0.039838423481116034,0.20658698399984132,1000
400,4,0.6218218663989192,0.5484888305303175,197727.27272727276,140318.5730579095,399.969315278164,6,20,0.06559129159901195,0.0591140993040376,0.20555214099977093,1000
400,5,0.5212489692103185,0.5452555602127303,193166.3442940039,151791.35440600783,522.0220746287947,4,20,0.043104937676465074,0.08971834121792331,0.2159269450003194,1000
400,6,0.5458325705870615,0.5004562915956103,188597.68451519535,127989.54347162743,450.2320318067188,1,20,0.053340711735917784,0.05015351379226488,0.2125357410000106,1000
400,7,0.5391001344445246,0.5394846682686726,202912.84916201117,153249.88319285473,393.00031287037774,1,20,0.017169540106966797,0.03385787598507167,0.2152218069995797,1000
400,8,0.7125233417806462,0.6109266180875863,231882.57575757572,193434.49475418194,551.0892423077836,1,20,0.06473713794794367,0.01256868738833479,0.21413296599985188,1000
400,9,0.6835210016622066,0.6414212842833208,217152.15745647237,184160.55415073765,617.2404627519824,1,20,0.05509081361458332,0.016122386613195722,0.20674288100008198,1000
400,10,0.524590418404595,0.45512397422393375,205987.91018998274,126395.2900699154,526.8968721304285,1,20,0.03526807066818213,0.013536509708588367,0.20839094599978125,1000
400,11,0.5357956851123247,0.45959213115747066,227083.10626702997,167249.24390746592,599.9112430167403,1,20,0.059935465002324204,0.01984896203608139,0.21353330300007656,1000
400,12,0.6439012809962398,0.5518330392207528,215058.6283185841,161802.3990393479,421.7545697283167,1,20,0.10760395359274999,0.03146935642552795,0.20720274799987237,1000
400,13,0.6498577398666295,0.5541821505845669,212197.74501300958,131027.42791562853,495.6898047483269,1,17,0.07709449927264792,0.008678743796223371,0.20274711100000786,1000
400,14,0.6630483871249366,0.5985727021366374,223141.16251482806,165392.3963413686,472.77763548338066,3,20,0.04069485600248996,0.026045723065444996,0.20480764399962936,1000
400,15,0.6002313273576143,0.5252887736645135,228855.69620253157,169955.70881776343,462.429712808815,4,20,0.056428561650644776,0.0334356222210197,0.20573610300016298,1000
400,16,0.6742651981414296,0.6243513177453459,203051.867219917,157194.3827904651,505.71636124699165,2,20,0.05884392423935111,0.056988016997352134,0.24743631599994842,1000
400,17,0.6100540771826671,0.5612874986137031,203040.23972602744,120982.69232435604,376.74084706310515,4,20,0.04552130821002364,0.05762156834400327,0.20668037699988417,1000
400,18,0.6287682927769193,0.5637988416374822,199248.45269672858,144618.47452390316,472.18134313287686,1,20,0.04008831675395838,0.030671607792326326,0.2023681470000156,1000
400,19,0.5946522630309409,0.5519216176246428,189047.05882352949,147887.0682177083,419.64011393648155,1,19,0.026770486496202117,0.017901903737256555,0.21128900400026396,1000
400,20,0.6297919684061632,0.5363873719923604,242113.4380453752,185879.57881960543,553.9663353613946,1,20,0.05160187329035418,0.021810598962885522,0.2034808520002116,1000
400,21,0.739418527420959,0.6707453898709508,173372.9181752353,115173.58076750602,514.6153000962165,5,20,0.08125265438056539,0.07727644041209039,0.2012803359998543,1000
400,22,0.5300516174726806,0.4652254777973528,227059.55678670362,174814.1867483912,500.642215733711,1,20,0.04322744771254958,0.0408660591726944,0.21915883800011215,1000
400,23,0.6167651296181371,0.568816915067909,184448.2090997096,129420.50730216315,462.3736878875263,1,19,0.05596580733755094,0.022557479148750365,0.2706590210000286,1000
400,24,0.6813545320698684,0.5712388319377946,210354.44151275282,154432.31401623567,458.70892205281336,2,20,0.06347517140736025,0.02080642863205972,0.2097059470002023,1000
400,25,0.6613912016422816,0.5953153980654846,187374.23728813557,132184.39780554798,503.4037492043011,5,20,0.07355882120376098,0.05991549966531144,0.2543534909996197,1000
400,26,0.5981675478294903,0.5281438095348989,245538.8838060384,192302.75775597338,497.542574117848,1,19,0.05378682853907375,0.06913725717830904,0.21013901200012697,1000
400,27,0.7491866756775969,0.6795873164948566,187978.32233741757,152969.96500869127,440.9046479623309,4,20,0.0796498492185124,0.0547066437303442,0.2015280180003174,1000
400,28,0.5807835730966617,0.5455434920308682,207432.07855973818,141684.37899758172,507.0751822401144,1,9,0.03263216718473731,0.03055878762937289,0.20563946900028895,1000
400,29,0.6039856694405648,0.585434691678457,191500.0,137548.9309681834,537.9549866712675,4,20,0.046771540088832414,0.07400133993071517,0.20165558399958172,1000
