N,run,"share_per_node(fog...,cloud)"
100,0,0.27,0.26,0.23,0.24
100,1,0.21,0.22,0.33,0.24
100,2,0.18,0.32,0.29,0.21
100,3,0.28,0.21,0.27,0.24
100,4,0.24,0.27,0.3,0.19
100,5,0.24,0.14,0.32,0.3
100,6,0.25,0.29,0.22,0.24
100,7,0.28,0.22,0.27,0.23
100,8,0.16,0.26,0.28,0.3
100,9,0.32,0.25,0.23,0.2
100,10,0.31,0.19,0.22,0.28
100,11,0.24,0.3,0.17,0.29
100,12,0.26,0.21,0.29,0.24
100,13,0.26,0.28,0.19,0.27
100,14,0.24,0.19,0.28,0.29
100,15,0.16,0.26,0.25,0.33
100,16,0.3,0.23,0.22,0.25
100,17,0.28,0.27,0.22,0.23
100,18,0.25,0.33,0.2,0.22
100,19,0.23,0.29,0.26,0.22
100,20,0.24,0.25,0.25,0.26
100,21,0.27,0.27,0.18,0.28
100,22,0.25,0.28,0.23,0.24
100,23,0.23,0.27,0.27,0.23
100,24,0.26,0.32,0.22,0.2
100,25,0.2,0.3,0.25,0.25
100,26,0.21,0.22,0.27,0.3
100,27,0.31,0.21,0.21,0.27
100,28,0.27,0.28,0.22,0.23
100,29,0.21,0.22,0.25,0.32
200,0,0.195,0.235,0.295,0.275
200,1,0.305,0.195,0.27,0.23
200,2,0.29,0.21,0.26,0.24
200,3,0.245,0.255,0.265,0.235
200,4,0.215,0.225,0.295,0.265
200,5,0.25,0.265,0.27,0.215
200,6,0.265,0.23,0.255,0.25
200,7,0.235,0.26,0.305,0.2
200,8,0.27,0.25,0.235,0.245
200,9,0.26,0.22,0.27,0.25
200,10,0.25,0.205,0.265,0.28
200,11,0.305,0.26,0.205,0.23
200,12,0.215,0.32,0.2,0.265
200,13,0.275,0.215,0.29,0.22
200,14,0.275,0.21,0.21,0.305
200,15,0.265,0.245,0.275,0.215
200,16,0.225,0.295,0.23,0.25
200,17,0.235,0.23,0.28,0.255
200,18,0.26,0.24,0.255,0.245
200,19,0.215,0.235,0.24,0.31
200,20,0.275,0.18,0.24,0.305
200,21,0.26,0.26,0.245,0.235
200,22,0.26,0.3,0.24,0.2
200,23,0.3,0.225,0.225,0.25
200,24,0.255,0.255,0.245,0.245
200,25,0.23,0.26,0.245,0.265
200,26,0.275,0.235,0.235,0.255
200,27,0.285,0.235,0.27,0.21
200,28,0.335,0.205,0.235,0.225
200,29,0.255,0.2,0.285,0.26
300,0,0.1167,0.0967,0.0967,0.11,0.0633,0.0933,0.1133,0.1133,0.0833,0.1133
300,1,0.06,0.09,0.1233,0.1233,0.1167,0.13,0.0733,0.1,0.1067,0.0767
300,2,0.1033,0.0933,0.1067,0.1,0.0733,0.09,0.1167,0.1067,0.1,0.11
300,3,0.1267,0.0433,0.09,0.14,0.1033,0.0767,0.15,0.08,0.0667,0.1233
300,4,0.0933,0.1033,0.0833,0.08,0.0833,0.0733,0.13,0.0967,0.1467,0.11
300,5,0.1233,0.1033,0.11,0.1,0.0833,0.11,0.0933,0.1133,0.08,0.0833
300,6,0.11,0.0833,0.14,0.09,0.0967,0.0833,0.0867,0.1333,0.0867,0.09
300,7,0.1033,0.1067,0.1267,0.09,0.08,0.0933,0.1067,0.1167,0.0967,0.08
300,8,0.1033,0.1067,0.1067,0.1067,0.0967,0.0733,0.1,0.1033,0.1,0.1033
300,9,0.13,0.08,0.1167,0.0667,0.11,0.12,0.1067,0.1,0.0867,0.0833
300,10,0.1033,0.09,0.0833,0.09,0.1,0.1133,0.1167,0.0833,0.1167,0.1033
300,11,0.1067,0.1033,0.0867,0.11,0.1033,0.1033,0.1067,0.1067,0.06,0.1133
300,12,0.1033,0.12,0.1033,0.12,0.1267,0.0833,0.0967,0.0967,0.0833,0.0667
300,13,0.0867,0.11,0.1,0.1033,0.0933,0.11,0.1,0.09,0.1,0.1067
300,14,0.1,0.1,0.1,0.1067,0.1467,0.12,0.1067,0.0633,0.0633,0.0933
300,15,0.1067,0.1233,0.09,0.0467,0.12,0.1133,0.1,0.1133,0.09,0.0967
300,16,0.1033,0.06,0.1067,0.09,0.0767,0.1333,0.13,0.1067,0.09,0.1033
300,17,0.0767,0.12,0.1167,0.1167,0.0867,0.09,0.09,0.1133,0.11,0.08
300,18,0.0867,0.07,0.11,0.1133,0.09,0.1,0.0967,0.09,0.13,0.1133
300,19,0.1233,0.0933,0.0867,0.1,0.11,0.1167,0.11,0.08,0.09,0.09
300,20,0.09,0.0633,0.1133,0.1,0.0933,0.11,0.11,0.0867,0.1267,0.1067
300,21,0.1267,0.1,0.0867,0.1033,0.0667,0.1033,0.1267,0.1233,0.1067,0.0567
300,22,0.09,0.09,0.08,0.0567,0.12,0.1067,0.13,0.1067,0.1,0.12
300,23,0.0967,0.1033,0.13,0.0967,0.07,0.0833,0.09,0.1267,0.0967,0.1067
300,24,0.12,0.0867,0.0933,0.12,0.0867,0.11,0.06,0.08,0.1367,0.1067
300,25,0.0933,0.1233,0.11,0.0933,0.1267,0.0867,0.0967,0.1,0.0967,0.0733
300,26,0.1067,0.0967,0.09,0.0867,0.1033,0.1167,0.07,0.1067,0.1167,0.1067
300,27,0.0833,0.11,0.1067,0.0933,0.08,0.0867,0.1133,0.09,0.11,0.1267
300,28,0.0933,0.0867,0.08,0.1233,0.0867,0.1,0.1067,0.1333,0.1,0.09
300,29,0.11,0.0967,0.1267,0.0967,0.09,0.08,0.11,0.0733,0.1033,0.1133
400,0,0.11,0.09,0.12,0.09,0.1075,0.09,0.0775,0.1175,0.0875,0.11
400,1,0.105,0.0775,0.0825,0.0875,0.12,0.095,0.1075,0.1125,0.1025,0.11
400,2,0.085,0.11,0.09,0.1025,0.1125,0.1175,0.075,0.085,0.1175,0.105
400,3,0.1075,0.0825,0.1025,0.08,0.1125,0.09,0.125,0.0725,0.115,0.1125
400,4,0.0925,0.115,0.085,0.1,0.1075,0.065,0.12,0.1075,0.09,0.1175
400,5,0.095,0.135,0.105,0.085,0.08,0.0725,0.095,0.1175,0.1075,0.1075
400,6,0.14,0.11,0.1025,0.09,0.1125,0.1025,0.085,0.095,0.0925,0.07
400,7,0.1275,0.095,0.0975,0.1125,0.1,0.065,0.1125,0.0925,0.0925,0.105
400,8,0.105,0.1075,0.11,0.1175,0.095,0.105,0.105,0.08,0.08,0.095
400,9,0.0925,0.1075,0.0975,0.1225,0.1125,0.0975,0.085,0.085,0.115,0.085
400,10,0.1075,0.11,0.1225,0.115,0.0725,0.085,0.09,0.12,0.0725,0.105
400,11,0.08,0.1275,0.09,0.12,0.1,0.0875,0.1175,0.115,0.07,0.0925
400,12,0.1,0.0925,0.105,0.1175,0.085,0.09,0.1175,0.1125,0.09,0.09
400,13,0.145,0.1025,0.1075,0.0975,0.1,0.1075,0.095,0.065,0.0875,0.0925
400,14,0.095,0.085,0.12,0.095,0.095,0.095,0.0975,0.1275,0.0925,0.0975
400,15,0.0975,0.12,0.1175,0.1025,0.0825,0.1025,0.095,0.1,0.085,0.0975
400,16,0.1025,0.095,0.0925,0.095,0.1,0.0975,0.125,0.09,0.0875,0.115
400,17,0.1,0.11,0.0975,0.105,0.09,0.1125,0.1025,0.085,0.115,0.0825
400,18,0.09,0.1,0.1325,0.1125,0.1,0.09,0.085,0.11,0.0925,0.0875
400,19,0.145,0.085,0.1025,0.095,0.1,0.1075,0.0975,0.075,0.085,0.1075
400,20,0.1125,0.115,0.08,0.105,0.085,0.0775,0.115,0.1325,0.1,0.0775
400,21,0.1,0.1,0.0925,0.11,0.0975,0.0925,0.13,0.1225,0.0725,0.0825
400,22,0.1125,0.075,0.105,0.1025,0.115,0.105,0.0825,0.1225,0.1125,0.0675
400,23,0.0825,0.1225,0.07,0.07,0.1175,0.1025,0.09,0.1225,0.1075,0.115
400,24,0.095,0.1075,0.1075,0.0825,0.0975,0.12,0.0925,0.105,0.08,0.1125
400,25,0.1275,0.11,0.11,0.1225,0.09,0.075,0.08,0.105,0.105,0.075
400,26,0.105,0.1175,0.085,0.1025,0.0775,0.1075,0.0925,0.1125,0.1075,0.0925
400,27,0.08,0.115,0.1225,0.1125,0.1225,0.105,0.1075,0.08,0.095,0.06
400,28,0.0825,0.1,0.12,0.1325,0.0925,0.1225,0.0675,0.0775,0.09,0.115
400,29,0.1,0.1175,0.09,0.1,0.1025,0.1,0.1025,0.095,0.105,0.0875
