N,nfog,run,seed,algorithm,makespan_ms,energy_J,cost,fitness,runtime_s,evaluations,min_M_s,min_E_J,min_C,deadline_rate
500,9,0,500000,ELO,215290.71009076337,165937.45788197627,568.3015409332775,0.6160649415559779,0.25799976600001173,1010,193.27923211169283,77365.1465759684,277.75466235875336,0.022
500,9,0,500000,LO,318160.31746031746,232121.6749087281,571.3850521653291,0.47420778020107585,0.2546325200000865,1010,193.27923211169283,77365.1465759684,277.75466235875336,0.024
500,9,0,500000,GA,358299.99999999994,260890.664159284,628.5182487930513,0.42467120318056495,0.17333614799986208,1010,193.27923211169283,77365.1465759684,277.75466235875336,0.02
500,9,0,500000,P2C,234007.6869322153,178500.49570908392,567.2223883802284,0.5815188698787024,0.0017847330000222428,0,193.27923211169283,77365.1465759684,277.75466235875336,0.028
500,9,0,500000,SA,261220.13523666415,196189.56985669158,552.4427383297024,0.5441611777782978,0.15790577999996458,1010,193.27923211169283,77365.1465759684,277.75466235875336,0.024
500,9,0,500000,Random,453960.43165467633,319001.893907916,679.2559208181581,0.3578995756273359,0.0008780989999195299,0,193.27923211169283,77365.1465759684,277.75466235875336,0.022
500,9,1,500001,ELO,199754.5985717377,147513.10616664295,614.0372922871671,0.6749035310181035,0.24106826000002002,1010,188.76389308366052,81530.64829643436,325.89027779569426,0.02
500,9,1,500001,LO,272330.8550185874,193889.80699377877,661.443138940868,0.5342963841473405,0.23752998100007972,1010,188.76389308366052,81530.64829643436,325.89027779569426,0.018
500,9,1,500001,GA,365458.48822800483,252070.66085660263,720.5925831332052,0.42966351674180725,0.23903886800007967,1010,188.76389308366052,81530.64829643436,325.89027779569426,0.016
500,9,1,500001,P2C,232800.27932960895,168914.05820773452,638.8890441898271,0.6000163457846954,0.0017419040000277164,0,188.76389308366052,81530.64829643436,325.89027779569426,0.016
500,9,1,500001,SA,263936.5928189458,187622.03783698086,648.7407694908001,0.5495307660755615,0.15881218100003025,1010,188.76389308366052,81530.64829643436,325.89027779569426,0.012
500,9,1,500001,Random,533873.2876712331,355192.3632431185,755.2347482691291,0.33712076604084673,0.0008755050000672782,0,188.76389308366052,81530.64829643436,325.89027779569426,0.016
500,9,2,500002,ELO,263419.61414791003,186202.23183488875,668.3708858007395,0.5064714575511999,0.24569289300006858,1010,208.87614935636043,67070.46233126908,247.7676035307144,0.032
500,9,2,500002,LO,384965.04854368937,264424.98985859874,761.9968605133303,0.37259412320194435,0.2760898599999564,1010,208.87614935636043,67070.46233126908,247.7676035307144,0.02
500,9,2,500002,GA,410229.12621359224,279303.04692659597,787.5576522776821,0.3534906816423563,0.1804646660000344,1010,208.87614935636043,67070.46233126908,247.7676035307144,0.012
500,9,2,500002,P2C,296942.3393739704,211021.42569735268,720.5376928769515,0.4536697387768248,0.0018140370000310213,0,208.87614935636043,67070.46233126908,247.7676035307144,0.02
500,9,2,500002,SA,318008.00000000006,223876.229654257,712.3962660808332,0.4333847092839435,0.15851960600002712,1010,208.87614935636043,67070.46233126908,247.7676035307144,0.018
500,9,2,500002,Random,531324.2718446603,348681.2916639835,797.7103170440903,0.29762888268767085,0.0009452449999116652,0,208.87614935636043,67070.46233126908,247.7676035307144,0.024
500,9,3,500003,ELO,222111.78247734142,156860.81484754046,539.5296231149605,0.6175427676228293,0.23759234299996024,1010,183.30309513621452,88786.55664228981,249.74514676026345,0.022
500,9,3,500003,LO,283528.14186584443,197957.66535861266,563.9058585447575,0.5119937477924518,0.3254331859998274,1010,183.30309513621452,88786.55664228981,249.74514676026345,0.026
500,9,3,500003,GA,342494.25287356327,235396.07392822456,572.3699724724986,0.4488477751295358,0.17157702000008612,1010,183.30309513621452,88786.55664228981,249.74514676026345,0.018
500,9,3,500003,P2C,225553.87713997986,161031.6204438772,558.0279038246892,0.6033384564962756,0.001740928999879543,0,183.30309513621452,88786.55664228981,249.74514676026345,0.03
500,9,3,500003,SA,259740.94063222824,182967.83544382226,559.3385345121786,0.545218890098225,0.15871233600000778,1010,183.30309513621452,88786.55664228981,249.74514676026345,0.022
500,9,3,500003,Random,397446.8390804598,269964.7455959958,586.341493035066,0.404575956467128,0.0008561140000438172,0,183.30309513621452,88786.55664228981,249.74514676026345,0.022
500,9,4,500004,ELO,201838.7743413516,142612.61421538764,657.6137789311445,0.568336707063408,0.23554974299986497,1010,185.99429657794676,66374.4165770602,211.2334208049848,0.022
500,9,4,500004,LO,283322.81205164996,186864.95894126804,693.9149005073011,0.43785938788239004,0.2319807280000532,1010,185.99429657794676,66374.4165770602,211.2334208049848,0.024
500,9,4,500004,GA,301822.1884498479,195390.4196684007,703.6187488526172,0.4179263577092981,0.17545206699992377,1010,185.99429657794676,66374.4165770602,211.2334208049848,0.016
500,9,4,500004,P2C,220537.99392097266,151436.88115688245,656.6617617815548,0.5334856575526437,0.0018014190000030794,0,185.99429657794676,66374.4165770602,211.2334208049848,0.016
500,9,4,500004,SA,222845.1548451549,151575.43013378777,649.0255557128287,0.5317170009844568,0.15739926599985665,1010,185.99429657794676,66374.4165770602,211.2334208049848,0.014
500,9,4,500004,Random,319004.3041606886,205399.6216799229,720.067443454637,0.39908176690651637,0.0008762370000567898,0,185.99429657794676,66374.4165770602,211.2334208049848,0.02
500,9,5,500005,ELO,264099.31972789124,210626.1550640267,768.8367302464326,0.6961831833333172,0.23403163900002255,1010,228.0139219314477,124987.61757745665,488.12662716007105,0.01
500,9,5,500005,LO,355118.04384485655,270329.21076781314,804.6796765007138,0.5692675425991711,0.23699247600006856,1010,228.0139219314477,124987.61757745665,488.12662716007105,0.01
500,9,5,500005,GA,339184.4046364594,261583.23885520932,783.0280006364874,0.5900123800249795,0.17654509999988477,1010,228.0139219314477,124987.61757745665,488.12662716007105,0.018
500,9,5,500005,P2C,273647.6323119777,215772.12352658025,773.9824098077783,0.6800371996744896,0.0016906890000427666,0,228.0139219314477,124987.61757745665,488.12662716007105,0.016
500,9,5,500005,SA,289044.25711275026,226649.6955923477,764.4460638528444,0.6585345244595178,0.15860958400003256,1010,228.0139219314477,124987.61757745665,488.12662716007105,0.014
500,9,5,500005,Random,389586.0409145609,291902.34289713466,798.7312990925722,0.5403941389034396,0.000884472000052483,0,228.0139219314477,124987.61757745665,488.12662716007105,0.016
500,9,6,500006,ELO,237815.228426396,180661.67266195643,561.3667939970483,0.5650909955073016,0.23808440399989195,1010,185.16557113643003,89694.54727388686,237.0444733873366,0.016
500,9,6,500006,LO,316351.54826958105,241914.38885732047,669.3155010658558,0.4360886047307412,0.2344869280000239,1010,185.16557113643003,89694.54727388686,237.0444733873366,0.012
500,9,6,500006,GA,336990.8925318762,257210.17520136118,671.736349220092,0.41634084294045604,0.17247546200019315,1010,185.16557113643003,89694.54727388686,237.0444733873366,0.016
500,9,6,500006,P2C,245078.22808671065,192283.12965125567,625.6731060559803,0.53295212885157,0.0017446070000914915,0,185.16557113643003,89694.54727388686,237.0444733873366,0.018
500,9,6,500006,SA,272656.8457538994,211459.89213638817,612.626778000672,0.49601270544600334,0.15933814999993956,1010,185.16557113643003,89694.54727388686,237.0444733873366,0.018
500,9,6,500006,Random,475224.04371584713,350204.08402191714,722.7875086412915,0.3238881464669062,0.0008835779999571969,0,185.16557113643003,89694.54727388686,237.0444733873366,0.018
500,9,7,500007,ELO,211733.33333333334,156781.94491682254,603.9144226045373,0.5913792837833604,0.24051081200013869,1010,187.81801788263581,73044.47656478886,256.6587639351291,0.034
500,9,7,500007,LO,285766.2337662338,205354.5273701661,627.8009133732419,0.4727393906533759,0.23337371100001292,1010,187.81801788263581,73044.47656478886,256.6587639351291,0.026
500,9,7,500007,GA,352284.2712842713,246383.67032352687,623.3382715779281,0.4126129710251372,0.17221515300002466,1010,187.81801788263581,73044.47656478886,256.6587639351291,0.02
500,9,7,500007,P2C,239101.3858497447,174692.28933238226,605.4286720683235,0.541281878267732,0.001742662999959066,0,187.81801788263581,73044.47656478886,256.6587639351291,0.016
500,9,7,500007,SA,257814.18439716307,188370.06702696768,589.8083738839206,0.5158492237126983,0.1581603880001694,1010,187.81801788263581,73044.47656478886,256.6587639351291,0.02
500,9,7,500007,Random,451116.5217391305,305211.5972756614,653.5608905896407,0.34835622668675786,0.0008518779998212267,0,187.81801788263581,73044.47656478886,256.6587639351291,0.018
500,9,8,500008,ELO,250924.95126705655,178013.9870680652,624.4784172271686,0.5478733757034566,0.23726315299995804,1010,208.18844831922206,81926.35632470458,222.5439823408736,0.02
500,9,8,500008,LO,322233.30442324386,229744.8357559322,640.4167876910043,0.44912395015153816,0.2337703099999544,1010,208.18844831922206,81926.35632470458,222.5439823408736,0.01
500,9,8,500008,GA,432889.9803536347,299938.67105317145,700.0904602868991,0.35647477738345335,0.1711550069999248,1010,208.18844831922206,81926.35632470458,222.5439823408736,0.016
500,9,8,500008,P2C,266517.09090909094,192432.96740573214,650.501813785834,0.5154260064442391,0.0017918290000125126,0,208.18844831922206,81926.35632470458,222.5439823408736,0.014
500,9,8,500008,SA,287259.41080196394,206685.72772307444,637.8241236668059,0.4890746094692205,0.15941155599989543,1010,208.18844831922206,81926.35632470458,222.5439823408736,0.012
500,9,8,500008,Random,500285.4864433811,342675.49818914017,729.7186890535971,0.3192535255365352,0.0008949890000167215,0,208.18844831922206,81926.35632470458,222.5439823408736,0.014
500,9,9,500009,ELO,217812.9744651484,165386.0156689754,673.842241454528,0.6546820827482751,0.2349243689998275,1010,193.21735537190082,78991.94450718591,407.47972514121614,0.02
500,9,9,500009,LO,279919.07514450856,206268.79044885232,704.8989782216618,0.5487539755212096,0.23531670600004873,1010,193.21735537190082,78991.94450718591,407.47972514121614,0.018
500,9,9,500009,GA,329166.97588126146,237102.7847416417,698.0246590748001,0.4996201848050471,0.16982394299998305,1010,193.21735537190082,78991.94450718591,407.47972514121614,0.012
500,9,9,500009,P2C,243368.03364879073,184713.3314797447,681.467387081899,0.6047185325528839,0.0018050649998713197,0,193.21735537190082,78991.94450718591,407.47972514121614,0.026
500,9,9,500009,SA,250685.30020703934,190495.85765207274,667.6441321370622,0.5967429104063124,0.15880149299982804,1010,193.21735537190082,78991.94450718591,407.47972514121614,0.014
500,9,9,500009,Random,526100.185528757,357006.6768918605,771.7615760463162,0.3706615047701481,0.0009153999999398366,0,193.21735537190082,78991.94450718591,407.47972514121614,0.018
500,9,10,500010,ELO,231090.99437148217,160741.92052490986,704.8458329055034,0.6152786744858452,0.24311187300008896,1010,199.8222927409758,74037.77831096413,370.2075736815415,0.018
500,9,10,500010,LO,275121.01313320827,189519.6151675882,718.5002064673624,0.542538418831088,0.3123605640000733,1010,199.8222927409758,74037.77831096413,370.2075736815415,0.018
500,9,10,500010,GA,377205.3824362606,253336.1188084861,755.5135192205917,0.435883522013028,0.20122432099992693,1010,199.8222927409758,74037.77831096413,370.2075736815415,0.024
500,9,10,500010,P2C,230432.0113314448,161591.5302882756,710.351864325407,0.6139278406270126,0.0029000909999012947,0,199.8222927409758,74037.77831096413,370.2075736815415,0.02
500,9,10,500010,SA,259200.22123893804,178941.91647586506,711.5367741364478,0.566775906034295,0.1759941949999302,1010,199.8222927409758,74037.77831096413,370.2075736815415,0.02
500,9,10,500010,Random,415375.3541076487,274225.91165019723,737.5982326515485,0.4161774012187227,0.0008356660000572447,0,199.8222927409758,74037.77831096413,370.2075736815415,0.022
500,9,11,500011,ELO,226465.2317880794,192058.40525454475,631.8383186495595,0.6582320325513132,0.25215978400001404,1010,207.08207867897036,125805.69327053583,256.1119414010087,0.028
500,9,11,500011,LO,379251.65562913904,313330.961039115,676.825227757221,0.4415755045374674,0.2396095219999097,1010,207.08207867897036,125805.69327053583,256.1119414010087,0.024
500,9,11,500011,GA,342248.3766233767,285840.9543919577,661.2325133899938,0.47713074173886727,0.1718720740000208,1010,207.08207867897036,125805.69327053583,256.1119414010087,0.022
500,9,11,500011,P2C,276319.5364238411,233711.25118212064,641.1869962127829,0.5621455014507862,0.0018059530000300583,0,207.08207867897036,125805.69327053583,256.1119414010087,0.024
500,9,11,500011,SA,263539.5935529083,225300.28567478072,630.2501009552877,0.5832584571604846,0.15984550400003172,1010,207.08207867897036,125805.69327053583,256.1119414010087,0.028
500,9,11,500011,Random,487456.95364238427,396500.7910230851,703.3892373893276,0.36822629590142,0.0008579809998536803,0,207.08207867897036,125805.69327053583,256.1119414010087,0.016
500,9,12,500012,ELO,189586.0869565218,155516.42823016376,644.8934416195669,0.7149451596803538,0.2620008600001711,1010,177.32764767563788,71684.65089172698,487.697793411808,0.018
500,9,12,500012,LO,234725.99337748336,189560.58112193758,682.9402168938973,0.6135370546218502,0.23857594800006154,1010,177.32764767563788,71684.65089172698,487.697793411808,0.016
500,9,12,500012,GA,262480.90523338044,209968.0066957189,713.3482922956472,0.5646334230117245,0.17702829299992118,1010,177.32764767563788,71684.65089172698,487.697793411808,0.02
500,9,12,500012,P2C,216461.10325318243,176298.51411721535,678.2402273855661,0.6458783205678145,0.001839742999891314,0,177.32764767563788,71684.65089172698,487.697793411808,0.016
500,9,12,500012,SA,221093.51535836176,180353.3535545761,684.2120271246754,0.6350348273066209,0.15922853099982603,1010,177.32764767563788,71684.65089172698,487.697793411808,0.022
500,9,12,500012,Random,409622.34794908063,305512.3322013362,738.0621657131546,0.4406933506479719,0.0009225310000147147,0,177.32764767563788,71684.65089172698,487.697793411808,0.024
500,9,13,500013,ELO,250738.3886255923,180573.19619579692,597.9936627534996,0.5729598341177926,0.23853086899998743,1010,224.88497267759564,78153.97529274343,235.2657030936756,0.02
500,9,13,500013,LO,349595.86466165417,241589.2065855696,649.3026983816643,0.44184018883900533,0.24345951100008278,1010,224.88497267759564,78153.97529274343,235.2657030936756,0.018
500,9,13,500013,GA,355962.35884567135,245358.4930426111,661.7458081535211,0.43410545642729803,0.17148791999989044,1010,224.88497267759564,78153.97529274343,235.2657030936756,0.014
500,9,13,500013,P2C,268618.56963613554,192500.23777100444,608.269390733703,0.5419479588994013,0.0017852999999377062,0,224.88497267759564,78153.97529274343,235.2657030936756,0.018
500,9,13,500013,SA,289996.53179190744,205649.389247388,609.7480510354715,0.5124460447934942,0.16188824300002125,1010,224.88497267759564,78153.97529274343,235.2657030936756,0.014
500,9,13,500013,Random,537393.5018050541,353227.8810311881,683.615338878351,0.3268927465791569,0.0009172529998977552,0,224.88497267759564,78153.97529274343,235.2657030936756,0.024
500,9,14,500014,ELO,263368.06722689077,212611.05600744404,766.5634060594839,0.5370217824813938,0.24801371800003835,1010,223.07261317794712,86471.72485954665,276.96044234786154,0.022
500,9,14,500014,LO,349621.3017751479,266472.67512101075,757.6077638772658,0.4415240083637815,0.232972516000018,1010,223.07261317794712,86471.72485954665,276.96044234786154,0.016
500,9,14,500014,GA,408818.48739495804,306346.5280900152,780.9967295094491,0.39306219172289586,0.1721534639998481,1010,223.07261317794712,86471.72485954665,276.96044234786154,0.016
500,9,14,500014,P2C,252857.6051779935,204008.27027086256,731.6122147569796,0.5601672277939254,0.001786456999980146,0,223.07261317794712,86471.72485954665,276.96044234786154,0.016
500,9,14,500014,SA,326855.46218487405,251022.1251156914,718.8421953414548,0.46948604908592484,0.16012051000006977,1010,223.07261317794712,86471.72485954665,276.96044234786154,0.02
500,9,14,500014,Random,642151.8737672586,456969.0917826683,820.5171858853723,0.29036361017173595,0.0008705999998710467,0,223.07261317794712,86471.72485954665,276.96044234786154,0.022
500,9,15,500015,ELO,212224.46808510635,173803.25039663876,641.017892363614,0.6403803656428682,0.24026903400022093,1010,195.6691549946129,75518.32865248962,365.94657623189073,0.022
500,9,15,500015,LO,292828.2918149467,229477.63234654517,697.4891437287334,0.5055360740811724,0.23642254800006413,1010,195.6691549946129,75518.32865248962,365.94657623189073,0.02
500,9,15,500015,GA,318897.8873239437,248205.43062594556,764.2141948439413,0.4639503104181977,0.17170767000015985,1010,195.6691549946129,75518.32865248962,365.94657623189073,0.014
500,9,15,500015,P2C,232303.7889039242,188517.64507565575,688.6654286203338,0.5895163145678657,0.0017412590000276396,0,195.6691549946129,75518.32865248962,365.94657623189073,0.026
500,9,15,500015,SA,265993.61702127656,211684.4566616779,686.0462905438992,0.5400746728073355,0.1606511219999902,1010,195.6691549946129,75518.32865248962,365.94657623189073,0.022
500,9,15,500015,Random,369330.98591549287,281679.67324492376,763.518049693557,0.42415156875253823,0.0008973909998530871,0,195.6691549946129,75518.32865248962,365.94657623189073,0.026
500,9,16,500016,ELO,231362.65950302206,181958.20767147903,704.5948612976119,0.6487782774084194,0.23837735799997972,1010,212.28582077190657,88157.12712211662,387.01734876028803,0.016
500,9,16,500016,LO,343442.1364985163,265053.65428275155,821.9253942328457,0.472447463131221,0.24647529900016707,1010,212.28582077190657,88157.12712211662,387.01734876028803,0.016
500,9,16,500016,GA,404044.70198675507,305708.942980627,812.4019999300318,0.4286357673637936,0.17746767300013744,1010,212.28582077190657,88157.12712211662,387.01734876028803,0.02
500,9,16,500016,P2C,260945.10385756678,205902.89329749174,750.8096599167523,0.5841384991651709,0.0017866520001916797,0,212.28582077190657,88157.12712211662,387.01734876028803,0.016
500,9,16,500016,SA,279515.5709342561,220089.00471196277,756.138624095922,0.5557205235899829,0.15893620299993927,1010,212.28582077190657,88157.12712211662,387.01734876028803,0.02
500,9,16,500016,Random,506822.8476821192,378180.910192395,864.498071736057,0.3652132996020191,0.0008970480000698444,0,212.28582077190657,88157.12712211662,387.01734876028803,0.016
500,9,17,500017,ELO,202948.04375262946,151467.30355859126,615.0972941449303,0.6368891958902574,0.2402158340000824,1010,182.09891507669286,71854.4921303013,334.5721619416692,0.024
500,9,17,500017,LO,326144.80408858607,242749.00875874353,732.1313003561482,0.4356971784517249,0.2339347430001908,1010,182.09891507669286,71854.4921303013,334.5721619416692,0.022
500,9,17,500017,GA,319210.1990049751,238926.3440809169,734.2896693445807,0.44086682070485506,0.17547142000012173,1010,182.09891507669286,71854.4921303013,334.5721619416692,0.018
500,9,17,500017,P2C,242634.32835820894,184873.94889027966,673.4037061810487,0.5437708116676114,0.0017813160000059725,0,182.09891507669286,71854.4921303013,334.5721619416692,0.022
500,9,17,500017,SA,265069.8466780238,201465.42002152695,700.6138277901301,0.5055577431224555,0.23201351099987733,1010,182.09891507669286,71854.4921303013,334.5721619416692,0.014
500,9,17,500017,Random,483325.2818035427,344782.0989653477,799.5376374971403,0.333280378387734,0.000841483999920456,0,182.09891507669286,71854.4921303013,334.5721619416692,0.02
500,9,18,500018,ELO,240871.33666904928,198976.9667327337,569.8974070141519,0.63643878590506,0.25463271299986445,1010,208.59060458884608,134672.5152223968,208.17462732962366,0.016
500,9,18,500018,LO,272015.0107219443,222034.41508400365,548.613641262399,0.5844991659504344,0.2514249599998948,1010,208.59060458884608,134672.5152223968,208.17462732962366,0.01
500,9,18,500018,GA,336851.72109443956,268018.79424148926,581.6480042595891,0.4932975769957295,0.18123299400008364,1010,208.59060458884608,134672.5152223968,208.17462732962366,0.02
500,9,18,500018,P2C,240827.68777614136,199293.68571638147,569.6006984275882,0.6361876642655278,0.0017577999999502936,0,208.59060458884608,134672.5152223968,208.17462732962366,0.02
500,9,18,500018,SA,266899.1031390136,219226.1198566447,544.490817430816,0.5929396032222749,0.16514873799997076,1010,208.59060458884608,134672.5152223968,208.17462732962366,0.022
500,9,18,500018,Random,364580.54711246205,288283.7975167068,562.3595277645156,0.46979723195443013,0.0008528260000275623,0,208.59060458884608,134672.5152223968,208.17462732962366,0.012
500,9,19,500019,ELO,212066.46058732612,182645.78542336336,603.6597086088623,0.6411590595404753,0.24021038899991254,1010,197.39735150030617,96118.3289054537,283.64517574850123,0.016
500,9,19,500019,LO,360984.54404945916,284547.55532464513,717.1187892133775,0.4258302293021903,0.24035083600006146,1010,197.39735150030617,96118.3289054537,283.64517574850123,0.018
500,9,19,500019,GA,376643.5272045028,295515.90014866815,737.2093576972272,0.41050795270051166,0.19642775300007997,1010,197.39735150030617,96118.3289054537,283.64517574850123,0.014
500,9,19,500019,P2C,252161.3832853026,208041.45631170884,666.5606955853345,0.5558429683432055,0.0033608229998662864,0,197.39735150030617,96118.3289054537,283.64517574850123,0.018
500,9,19,500019,SA,289103.1894934334,233727.21694177605,691.0095963820596,0.5006016622631081,0.18353124100008245,1010,197.39735150030617,96118.3289054537,283.64517574850123,0.02
500,9,19,500019,Random,567020.6378986867,431210.332726998,712.8308182905981,0.3219819183224203,0.0009391359999426641,0,197.39735150030617,96118.3289054537,283.64517574850123,0.014
500,9,20,500020,ELO,209461.52241918657,150401.29376402812,493.5660809346409,0.7457245495567584,0.2731956220000029,1010,195.21748702626198,89379.29027854264,353.1436413057538,0.024
500,9,20,500020,LO,316875.6218905472,220935.8297311834,556.2091799491337,0.5503703750125715,0.23947367699997812,1010,195.21748702626198,89379.29027854264,353.1436413057538,0.01
500,9,20,500020,GA,374092.159559835,257377.59461205636,579.909729829546,0.4912376203624099,0.21367135999980746,1010,195.21748702626198,89379.29027854264,353.1436413057538,0.022
500,9,20,500020,P2C,278827.4268104776,196171.80525078904,545.2588815238707,0.5996838065121015,0.0017373319999478554,0,195.21748702626198,89379.29027854264,353.1436413057538,0.02
500,9,20,500020,SA,292079.822616408,205135.54738541952,551.0216341842472,0.5801964119883004,0.163186665000012,1010,195.21748702626198,89379.29027854264,353.1436413057538,0.02
500,9,20,500020,Random,501816.32653061225,337208.81495842745,604.6328491006993,0.4112370740485381,0.0008965029999217222,0,195.21748702626198,89379.29027854264,353.1436413057538,0.02
500,9,21,500021,ELO,225201.4814814815,176617.19007280353,570.7116459502187,0.5679638743338641,0.24048444600020957,1010,194.6788385747607,76536.82238679136,234.0813973134947,0.026
500,9,21,500021,LO,311569.11447084235,236504.72117350146,612.5783835292103,0.4423258599878115,0.23716656199985664,1010,194.6788385747607,76536.82238679136,234.0813973134947,0.024
500,9,21,500021,GA,366046.1309523809,277459.112810828,646.8043226423342,0.3887251297507792,0.174306850999983,1010,194.6788385747607,76536.82238679136,234.0813973134947,0.018
500,9,21,500021,P2C,240708.90410958906,187927.94327670487,602.2206282073511,0.5336358229182817,0.0018089489999510988,0,194.6788385747607,76536.82238679136,234.0813973134947,0.016
500,9,21,500021,SA,267152.2678185745,205257.35860871262,602.2487245087307,0.4955211632996412,0.1597800140000345,1010,194.6788385747607,76536.82238679136,234.0813973134947,0.016
500,9,21,500021,Random,531063.3561643834,387432.7308033725,713.6811797504341,0.29637617626923163,0.0008797590000995115,0,194.6788385747607,76536.82238679136,234.0813973134947,0.026
500,9,22,500022,ELO,194803.9215686274,135687.44785721242,605.6393655890554,0.6577347890223011,0.24140250300001753,1010,174.011342416488,77019.89039920956,311.9306820064614,0.024
500,9,22,500022,LO,236246.27395315823,160358.6480588778,650.4329198151756,0.5646279173815825,0.30951790100016296,1010,174.011342416488,77019.89039920956,311.9306820064614,0.032
500,9,22,500022,GA,293690.01029866113,194012.27976415877,673.7399328022884,0.4832844399588772,0.1738959500000874,1010,174.011342416488,77019.89039920956,311.9306820064614,0.018
500,9,22,500022,P2C,206797.90209790212,143533.80123041748,638.397003127833,0.6213667890008423,0.0017675080000572052,0,174.011342416488,77019.89039920956,311.9306820064614,0.028
500,9,22,500022,SA,243680.65843621403,164275.71426675603,644.6373384018264,0.5547412395530966,0.15867898999999852,1010,174.011342416488,77019.89039920956,311.9306820064614,0.03
500,9,22,500022,Random,400874.5583038869,253976.07033987096,695.7135810426672,0.39431242615600226,0.0010592950000045676,0,174.011342416488,77019.89039920956,311.9306820064614,0.014
500,9,23,500023,ELO,250640.8345752609,178014.7873866626,634.8829287882681,0.5791799932194095,0.24834241500002463,1010,209.44650414762145,88283.11532453296,259.3416316711671,0.014
500,9,23,500023,LO,319265.1391162029,218691.7823796657,664.9048452908454,0.48245683947976303,0.27510727300000326,1010,209.44650414762145,88283.11532453296,259.3416316711671,0.012
500,9,23,500023,GA,381225.2747252747,254741.79570738555,670.5511721651701,0.42676372557944975,0.17613008199987235,1010,209.44650414762145,88283.11532453296,259.3416316711671,0.014
500,9,23,500023,P2C,233192.25037257824,167527.82762232717,637.0801217591476,0.6099041038999775,0.0018433940001614246,0,209.44650414762145,88283.11532453296,259.3416316711671,0.008
500,9,23,500023,SA,282698.956780924,196101.31108279858,614.5268260636979,0.5368221202550243,0.1625118240001484,1010,209.44650414762145,88283.11532453296,259.3416316711671,0.004
500,9,23,500023,Random,546041.3385826772,348914.1003078729,698.0701159499849,0.335205668141371,0.0008747419999508566,0,209.44650414762145,88283.11532453296,259.3416316711671,0.016
500,9,24,500024,ELO,202708.08383233537,149106.87210908416,592.2132516870181,0.6610220978232745,0.24987821500008067,1010,187.18338954468803,60935.567514930495,390.0490328046372,0.024
500,9,24,500024,LO,286403.27868852456,199798.07426829997,623.1869965367533,0.5259169105131248,0.2541626089998772,1010,187.18338954468803,60935.567514930495,390.0490328046372,0.03
500,9,24,500024,GA,331591.8032786885,225788.02480565663,656.2561123430227,0.4741809753143119,0.18074645599995165,1010,187.18338954468803,60935.567514930495,390.0490328046372,0.02
500,9,24,500024,P2C,247672.67808836792,177391.35634638526,629.0818846754557,0.5708065641595375,0.0020576209999489947,0,187.18338954468803,60935.567514930495,390.0490328046372,0.03
500,9,24,500024,SA,257401.63934426228,182814.4317403503,632.1681806621199,0.5569163784087251,0.1698891089999961,1010,187.18338954468803,60935.567514930495,390.0490328046372,0.026
500,9,24,500024,Random,518975.4098360656,340050.52238172,673.2747712775025,0.37112976593333497,0.0008951909999268537,0,187.18338954468803,60935.567514930495,390.0490328046372,0.024
500,9,25,500025,ELO,218275.37773994482,170102.0187871516,572.3371100712385,0.5684211111707779,0.2526683989999583,1010,185.15297575312272,74077.92723023731,243.55592894132664,0.014
500,9,25,500025,LO,263194.4106925881,205539.7421753268,598.4891707620725,0.4889818606370768,0.24480253899992022,1010,185.15297575312272,74077.92723023731,243.55592894132664,0.012
500,9,25,500025,GA,320090.7534246576,244520.71151762578,638.7699137767656,0.4197137590278053,0.16985323099993366,1010,185.15297575312272,74077.92723023731,243.55592894132664,0.014
500,9,25,500025,P2C,230642.39482200646,183825.14609610697,587.0504193536475,0.5388383409068034,0.001722816999972565,0,185.15297575312272,74077.92723023731,243.55592894132664,0.022
500,9,25,500025,SA,263640.34021871205,207778.2295713878,575.2975145500232,0.4926827534164756,0.15647025099997336,1010,185.15297575312272,74077.92723023731,243.55592894132664,0.02
500,9,25,500025,Random,428246.57534246566,310917.9094096387,678.2786476671242,0.34217905704149865,0.0008759209999880113,0,185.15297575312272,74077.92723023731,243.55592894132664,0.02
500,9,26,500026,ELO,265966.1654135339,177871.8611390096,616.9036021430279,0.480560285974306,0.23976072000004933,1010,190.1250954635711,69451.9724247007,209.19418154985382,0.024
500,9,26,500026,LO,366368.0981595092,241151.84699375817,651.8596130233581,0.3750756651927608,0.2315743490000841,1010,190.1250954635711,69451.9724247007,209.19418154985382,0.02
500,9,26,500026,GA,380082.8220858896,249215.1904277049,658.3662561812986,0.36468143921451557,0.17034132599997065,1010,190.1250954635711,69451.9724247007,209.19418154985382,0.022
500,9,26,500026,P2C,232027.60736196322,159967.8986068163,585.3901833312431,0.5359477571551895,0.0017609930000617169,0,190.1250954635711,69451.9724247007,209.19418154985382,0.028
500,9,26,500026,SA,262983.45968297735,179332.76738904713,584.8438031463737,0.4882886595821291,0.15727412399996865,1010,190.1250954635711,69451.9724247007,209.19418154985382,0.022
500,9,26,500026,Random,500522.55639097746,317134.730409342,687.2775077598606,0.3002566983852376,0.0009189840000090044,0,190.1250954635711,69451.9724247007,209.19418154985382,0.024
500,9,27,500027,ELO,218607.46003552395,174702.75474690448,588.9605468113189,0.7244310967063596,0.24851718500008246,1010,193.36093184322368,99770.86422532979,425.4290086590719,0.036
500,9,27,500027,LO,316151.0333863275,240223.54597043322,665.5130682306542,0.5539940085874886,0.3045590379999794,1010,193.36093184322368,99770.86422532979,425.4290086590719,0.028
500,9,27,500027,GA,369750.0000000002,277849.5319683344,689.0941426615509,0.49839516823893537,0.17512994799994885,1010,193.36093184322368,99770.86422532979,425.4290086590719,0.026
500,9,27,500027,P2C,262090.5882352941,204502.07575805008,639.9032380953953,0.628733562033739,0.0018593400000099791,0,193.36093184322368,99770.86422532979,425.4290086590719,0.026
500,9,27,500027,SA,291193.50473613,222331.2819293474,643.5278087868111,0.5898634082131277,0.16269303500007481,1010,193.36093184322368,99770.86422532979,425.4290086590719,0.03
500,9,27,500027,Random,428325.9141494436,315206.61833978194,725.507026146295,0.45010007525558227,0.0009312849999787431,0,193.36093184322368,99770.86422532979,425.4290086590719,0.016
500,9,28,500028,ELO,203761.48148148143,159508.60523695272,585.3694099387785,0.7224297083900644,0.3054952400000275,1010,179.99863584147042,82165.58835511023,453.7053463241187,0.022
500,9,28,500028,LO,270275.3246753247,202998.52069145942,629.0830502245668,0.5953940557015431,0.24895774099991286,1010,179.99863584147042,82165.58835511023,453.7053463241187,0.018
500,9,28,500028,GA,343324.12523020257,252968.69266279438,632.2964720986485,0.5202388901217103,0.17439337300015723,1010,179.99863584147042,82165.58835511023,453.7053463241187,0.028
500,9,28,500028,P2C,245585.71428571432,187610.3382913551,620.2052280237585,0.6321833068357728,0.0019220140000015817,0,179.99863584147042,82165.58835511023,453.7053463241187,0.022
500,9,28,500028,SA,274646.9816272966,206682.4765002436,621.1517051045985,0.5924818777184602,0.16233230400007415,1010,179.99863584147042,82165.58835511023,453.7053463241187,0.028
500,9,28,500028,Random,410441.9889502763,296414.4936432127,651.3610465522714,0.4688297577091147,0.0009273680000205786,0,179.99863584147042,82165.58835511023,453.7053463241187,0.022
500,9,29,500029,ELO,219994.61786867602,175883.54725136232,587.2765309537522,0.6311249174313251,0.2402658660000725,1010,189.58758046194623,85514.38850480135,322.87566896481724,0.022
500,9,29,500029,LO,319858.6762075133,243834.99544188564,682.0166425379444,0.47106495564416406,0.25814360799995484,1010,189.58758046194623,85514.38850480135,322.87566896481724,0.02
500,9,29,500029,GA,379627.07182320446,281233.5525237715,713.5813139782622,0.4175028311307114,0.1888695000000098,1010,189.58758046194623,85514.38850480135,322.87566896481724,0.016
500,9,29,500029,P2C,255682.32044198885,202346.8394186864,650.2273148967374,0.5522464700538032,0.0017961840001134988,0,189.58758046194623,85514.38850480135,322.87566896481724,0.016
500,9,29,500029,SA,269313.0271790066,209600.43453633887,638.0342477636402,0.5380207211331,0.1704564209999262,1010,189.58758046194623,85514.38850480135,322.87566896481724,0.02
500,9,29,500029,Random,511296.9588550983,366758.59265521483,786.324459029203,0.3371409775640103,0.0009853949998159806,0,189.58758046194623,85514.38850480135,322.87566896481724,0.02
1000,9,0,1000000,ELO,491632.4582338901,369711.86378127773,1189.3731339246326,0.606242823271428,0.5786272800000916,1010,395.99913535607607,233009.9931610186,454.6682097143487,0.013
1000,9,0,1000000,LO,726993.58974359,509248.99270196736,1309.9111749796573,0.4498651868460397,0.49379683200004365,1010,395.99913535607607,233009.9931610186,454.6682097143487,0.011
1000,9,0,1000000,GA,713525.6410256411,500597.7835936538,1272.1634675543103,0.45934529322451567,0.35323017499990783,1010,395.99913535607607,233009.9931610186,454.6682097143487,0.011
1000,9,0,1000000,P2C,499228.2608695654,366888.89141379914,1236.1222051537027,0.5990763941606776,0.0035352380000404082,0,395.99913535607607,233009.9931610186,454.6682097143487,0.011
1000,9,0,1000000,SA,624841.3461538461,442389.0441234992,1257.1352294887313,0.5075725932834663,0.3316798389998894,1010,395.99913535607607,233009.9931610186,454.6682097143487,0.009
1000,9,0,1000000,Random,835362.1794871794,573265.0898317357,1316.0742878153399,0.4086377026681599,0.0017966030000025057,0,395.99913535607607,233009.9931610186,454.6682097143487,0.008
1000,9,1,1000001,ELO,448712.9629629628,284170.8460034535,1197.495756660286,0.567637350365829,0.4744418020000012,1010,390.0588645341182,135790.3988687668,429.3040253132692,0.017
1000,9,1,1000001,LO,632079.7752808989,376519.67546223674,1233.0945788246618,0.4411540619984558,0.5586421980001433,1010,390.0588645341182,135790.3988687668,429.3040253132692,0.018
1000,9,1,1000001,GA,595532.1576763489,356510.790395711,1233.5230417893792,0.4604936729011724,0.4176727030001075,1010,390.0588645341182,135790.3988687668,429.3040253132692,0.014
1000,9,1,1000001,P2C,448024.0096038417,284154.9265780372,1180.3212586473442,0.5698090073351185,0.0038804830001026858,0,390.0588645341182,135790.3988687668,429.3040253132692,0.018
1000,9,1,1000001,SA,531777.2685609533,325538.7667233162,1198.205718441796,0.5021130869537216,0.4002572040001269,1010,390.0588645341182,135790.3988687668,429.3040253132692,0.015
1000,9,1,1000001,Random,687005.2910052912,398950.9996986914,1323.4228339612428,0.4101368296525906,0.0017681960000572872,0,390.0588645341182,135790.3988687668,429.3040253132692,0.015
1000,9,2,1000002,ELO,468517.18357083004,383992.70469837525,1137.1276565538517,0.635673994359049,0.4781935999999405,1010,383.59046603716115,197197.93265386368,657.7644643691772,0.008
1000,9,2,1000002,LO,628573.4597156398,499807.63461747667,1214.28801201434,0.5142873762465581,0.4711007519999839,1010,383.59046603716115,197197.93265386368,657.7644643691772,0.009
1000,9,2,1000002,GA,770872.7915194348,601391.6590790722,1270.269718512866,0.44657557693140915,0.3556034090001958,1010,383.59046603716115,197197.93265386368,657.7644643691772,0.011
1000,9,2,1000002,P2C,467194.31279620854,384423.0046357815,1165.8240431051338,0.6315449678735934,0.0034678310000799684,0,383.59046603716115,197197.93265386368,657.7644643691772,0.008
1000,9,2,1000002,SA,649406.0031595575,514302.8518379293,1211.6503368860576,0.5044354273914902,0.3295160790000864,1010,383.59046603716115,197197.93265386368,657.7644643691772,0.011
1000,9,2,1000002,Random,1045053.0035335693,787828.8665948727,1308.8123897251971,0.3720783163721483,0.0017449279998800193,0,383.59046603716115,197197.93265386368,657.7644643691772,0.011
1000,9,3,1000003,ELO,473714.5110410095,324620.207329624,1316.0653026737223,0.6357762405472129,0.4845463240001209,1010,372.61367046818725,175412.30967871222,767.6344149634185,0.005
1000,9,3,1000003,LO,522293.3753943218,357217.2643328569,1343.544988186763,0.5909312820543287,0.5308163160000277,1010,372.61367046818725,175412.30967871222,767.6344149634185,0.011
1000,9,3,1000003,GA,612837.9562043794,409599.68766180245,1379.8803222345612,0.5298311160305537,0.35461450499997227,1010,372.61367046818725,175412.30967871222,767.6344149634185,0.01
1000,9,3,1000003,P2C,429769.7160883281,301997.9760758568,1311.335291099068,0.6767745838661425,0.0034959869999511284,0,372.61367046818725,175412.30967871222,767.6344149634185,0.012
1000,9,3,1000003,SA,542945.9854014599,369196.7328207069,1378.817964218448,0.57173533631046,0.3414116550000017,1010,372.61367046818725,175412.30967871222,767.6344149634185,0.012
1000,9,3,1000003,Random,776260.2523659307,503415.54017454427,1419.112519011099,0.45538028142394826,0.001750705999938873,0,372.61367046818725,175412.30967871222,767.6344149634185,0.012
1000,9,4,1000004,ELO,503476.8089053803,353102.711027934,1140.7809193576477,0.5832854364632184,0.48181800100019245,1010,370.01678091973724,174933.79330248357,595.6892592233944,0.01
1000,9,4,1000004,LO,681146.3664278404,470780.6131748775,1193.1208465450816,0.47036182367391066,0.4722152790000109,1010,370.01678091973724,174933.79330248357,595.6892592233944,0.012
1000,9,4,1000004,GA,849799.6289424865,574940.0492043288,1283.3231625389126,0.4003157958558943,0.3810951620000651,1010,370.01678091973724,174933.79330248357,595.6892592233944,0.008
1000,9,4,1000004,P2C,477909.90990991006,344604.6357926342,1173.937133276806,0.5955468170614562,0.0037274000001161767,0,370.01678091973724,174933.79330248357,595.6892592233944,0.012
1000,9,4,1000004,SA,682793.7384898708,472144.6166001185,1218.4021638468919,0.4661456492857968,0.3672369470000376,1010,370.01678091973724,174933.79330248357,595.6892592233944,0.012
1000,9,4,1000004,Random,1018631.6758747697,675593.4844729393,1302.1432175049483,0.35887405599300604,0.002022405000161598,0,370.01678091973724,174933.79330248357,595.6892592233944,0.01
1000,9,5,1000005,ELO,543417.5824175825,451654.9919165414,1127.6606461186761,0.557360049452164,0.4816334879999431,1010,425.87315436241613,143731.9336291818,651.1094345232821,0.009
1000,9,5,1000005,LO,652714.5488029466,542116.2509795803,1386.581598326196,0.4604189662305465,0.5127341800000522,1010,425.87315436241613,143731.9336291818,651.1094345232821,0.007
1000,9,5,1000005,GA,783100.519930676,647695.5220399987,1457.64640845636,0.40232028324449376,0.3614570460001687,1010,425.87315436241613,143731.9336291818,651.1094345232821,0.01
1000,9,5,1000005,P2C,587250.5494505494,495231.07661915733,1352.6329324646401,0.49684464362962105,0.003491228999791929,0,425.87315436241613,143731.9336291818,651.1094345232821,0.007
1000,9,5,1000005,SA,699213.1715771231,586047.4439082316,1401.0761324405835,0.4377398166807819,0.3793390900000304,1010,425.87315436241613,143731.9336291818,651.1094345232821,0.01
1000,9,5,1000005,Random,964313.0287648055,784824.5786305419,1498.5706081287017,0.35138707234540545,0.0017769280000266008,0,425.87315436241613,143731.9336291818,651.1094345232821,0.004
1000,9,6,1000006,ELO,465426.27533193596,399738.36842176726,1425.3600153106227,0.6909067061040661,0.47947922200000903,1010,414.6834846955937,243386.46527717117,820.1039414056858,0.015
1000,9,6,1000006,LO,530500.0000000001,449083.0932920148,1469.8215818158765,0.626350564738577,0.5105935020001198,1010,414.6834846955937,243386.46527717117,820.1039414056858,0.013
1000,9,6,1000006,GA,723786.1952861949,592736.2841734427,1572.4848934065399,0.5007842937848302,0.3561744800001634,1010,414.6834846955937,243386.46527717117,820.1039414056858,0.012
1000,9,6,1000006,P2C,482899.5215311006,414130.83842527505,1448.1066233960605,0.6700909063977856,0.0034809900000709604,0,414.6834846955937,243386.46527717117,820.1039414056858,0.01
1000,9,6,1000006,SA,694988.2154882154,571024.1821679549,1524.1231793917898,0.5193881228246964,0.327809114000047,1010,414.6834846955937,243386.46527717117,820.1039414056858,0.009
1000,9,6,1000006,Random,934385.521885522,744363.2487083105,1535.6722714926252,0.43385765435517204,0.002071108999871285,0,414.6834846955937,243386.46527717117,820.1039414056858,0.011
1000,9,7,1000007,ELO,440540.5844155846,354711.5655073365,1032.4974791068485,0.5874456772834294,0.514407977000019,1010,377.57038191738116,150481.41994339155,501.7785450611752,0.007
1000,9,7,1000007,LO,574143.1411530813,450649.58879735804,1084.7153526447812,0.4832038674118617,0.4810948620001909,1010,377.57038191738116,150481.41994339155,501.7785450611752,0.009
1000,9,7,1000007,GA,690076.5124555158,529450.1854272857,1043.8664514169216,0.4358210690339368,0.3755750850000368,1010,377.57038191738116,150481.41994339155,501.7785450611752,0.007
1000,9,7,1000007,P2C,455742.3529411765,366365.55043224513,1045.766041977838,0.5713885099525485,0.0036647080000875576,0,377.57038191738116,150481.41994339155,501.7785450611752,0.009
1000,9,7,1000007,SA,761658.051689861,578991.6160439382,1037.3923160280767,0.41157344045190414,0.36280450699996436,1010,377.57038191738116,150481.41994339155,501.7785450611752,0.006
1000,9,7,1000007,Random,923161.0337972168,694551.1991524539,1084.2814117056803,0.3613493075352784,0.0017820729999584728,0,377.57038191738116,150481.41994339155,501.7785450611752,0.008
1000,9,8,1000008,ELO,448597.2660357518,303619.08768997854,1025.3781902746682,0.6288145744582043,0.5400607509998281,1010,367.99176040696426,135447.55296051095,641.4289533226776,0.01
1000,9,8,1000008,LO,520601.00166944927,354321.2610723877,1078.4664709649473,0.5595074222339568,0.5055142789999536,1010,367.99176040696426,135447.55296051095,641.4289533226776,0.007
1000,9,8,1000008,GA,659528.1933256617,439312.3550729751,1098.398492724374,0.48166460599520156,0.34941730900004586,1010,367.99176040696426,135447.55296051095,641.4289533226776,0.007
1000,9,8,1000008,P2C,439538.93263342086,303293.84233101073,1059.9003085980041,0.6278323625256717,0.0039411820000623266,0,367.99176040696426,135447.55296051095,641.4289533226776,0.01
1000,9,8,1000008,SA,591124.4292237443,397884.11214873585,1086.6240026840967,0.5159744689761101,0.3720812939998268,1010,367.99176040696426,135447.55296051095,641.4289533226776,0.008
1000,9,8,1000008,Random,1034227.0450751256,662718.2551551131,1149.6724923366455,0.37102286504172477,0.0017812369999319344,0,367.99176040696426,135447.55296051095,641.4289533226776,0.009
1000,9,9,1000009,ELO,531100.6191950464,377964.8327195315,1041.4438884886567,0.4723356307632456,0.4887582989999828,1010,396.3419467343056,111269.8427690715,397.56266479130005,0.01
1000,9,9,1000009,LO,633171.5160796323,453875.4869920034,1187.062721452409,0.4004417607944929,0.4701696189999893,1010,396.3419467343056,111269.8427690715,397.56266479130005,0.012
1000,9,9,1000009,GA,781578.9473684211,553663.0000347318,1341.778153441861,0.3334517686216625,0.3638262060001125,1010,396.3419467343056,111269.8427690715,397.56266479130005,0.01
1000,9,9,1000009,P2C,520368.73156342184,384379.74097138055,1169.3945594013767,0.4619604243727976,0.006792261000100552,0,396.3419467343056,111269.8427690715,397.56266479130005,0.01
1000,9,9,1000009,SA,725690.4761904761,518696.9658338441,1318.5009161207506,0.3526720649144179,0.397951398000032,1010,396.3419467343056,111269.8427690715,397.56266479130005,0.008
1000,9,9,1000009,Random,996186.5079365077,690918.5793931207,1380.6599933754435,0.2810731396671349,0.0018821920000391401,0,396.3419467343056,111269.8427690715,397.56266479130005,0.011
1000,9,10,1000010,ELO,438522.2513089004,379851.92873037345,970.0929497008066,0.6307133978254535,0.48331303200006914,1010,380.44527274030537,215695.67870333852,444.92523376336777,0.01
1000,9,10,1000010,LO,660801.8154311649,551391.6191646581,1024.8836414458187,0.4662549266480547,0.4753231079998841,1010,380.44527274030537,215695.67870333852,444.92523376336777,0.007
1000,9,10,1000010,GA,733795.6204379564,603560.1679051319,1023.2922078278622,0.4360823803509719,0.3490459889999329,1010,380.44527274030537,215695.67870333852,444.92523376336777,0.008
1000,9,10,1000010,P2C,482086.782376502,415095.4751635642,948.63331157387,0.5918734669036188,0.0035464410000258795,0,380.44527274030537,215695.67870333852,444.92523376336777,0.01
1000,9,10,1000010,SA,587390.3177004537,497305.6071440099,978.5100549108386,0.511254446978963,0.3366894890000367,1010,380.44527274030537,215695.67870333852,444.92523376336777,0.008
1000,9,10,1000010,Random,812462.0418848168,669343.3958922756,1026.406362488957,0.40713936384026006,0.0017952109999441745,0,380.44527274030537,215695.67870333852,444.92523376336777,0.011
1000,9,11,1000011,ELO,391819.93437243643,304117.85089135176,985.563616635437,0.6870190574766453,0.5333794399998624,1010,365.4724998149382,135610.53654864998,679.7360124331096,0.012
1000,9,11,1000011,LO,580166.5278934224,440541.7883550083,1091.8557257908165,0.5179845223812612,0.46116705100007493,1010,365.4724998149382,135610.53654864998,679.7360124331096,0.006
1000,9,11,1000011,GA,638184.3971631204,484304.2542406825,1113.1671523993678,0.48569534848320894,0.3590786140000546,1010,365.4724998149382,135610.53654864998,679.7360124331096,0.009
1000,9,11,1000011,P2C,480921.9858156028,372519.22820196074,1063.385513795262,0.5854952030514082,0.0037351260000377806,0,365.4724998149382,135610.53654864998,679.7360124331096,0.013
1000,9,11,1000011,SA,587411.3475177306,450325.0871973131,1085.8167769564852,0.5142894614387159,0.32935776199997235,1010,365.4724998149382,135610.53654864998,679.7360124331096,0.009
1000,9,11,1000011,Random,1068863.4751773053,770308.3088796647,1097.706396818436,0.3770385655881671,0.0017731870000261551,0,365.4724998149382,135610.53654864998,679.7360124331096,0.011
1000,9,12,1000012,ELO,491122.2104144527,340897.10152431467,1318.943121208462,0.691985811236717,0.4817993040001056,1010,414.8074405237107,171256.79610057862,969.055151160504,0.011
1000,9,12,1000012,LO,666989.110707804,439731.41517999256,1371.655191826616,0.5707864169007592,0.4543243650000477,1010,414.8074405237107,171256.79610057862,969.055151160504,0.013
1000,9,12,1000012,GA,793056.2613430129,510659.7529094749,1389.2574968402785,0.5168163404851266,0.35637305900013416,1010,414.8074405237107,171256.79610057862,969.055151160504,0.014
1000,9,12,1000012,P2C,491931.55080213916,343465.04297601816,1316.7713114971566,0.6906501021556128,0.00351583099995878,0,414.8074405237107,171256.79610057862,969.055151160504,0.014
1000,9,12,1000012,SA,618243.9024390246,414228.09948032536,1343.4305398878455,0.6000184721791616,0.3465827050001735,1010,414.8074405237107,171256.79610057862,969.055151160504,0.013
1000,9,12,1000012,Random,1030192.3774954634,639849.9852063849,1419.3680466726212,0.4491793832397769,0.0018308010000964714,0,414.8074405237107,171256.79610057862,969.055151160504,0.009
1000,9,13,1000013,ELO,445842.2619047619,333714.5554894643,1228.6752678377393,0.6434354192023826,0.4834817030000522,1010,392.32883825466945,186397.35884212967,607.3991464267683,0.012
1000,9,13,1000013,LO,552258.4033613448,404564.049515772,1285.289187390973,0.5470357017509202,0.46458320100009587,1010,392.32883825466945,186397.35884212967,607.3991464267683,0.008
1000,9,13,1000013,GA,739148.423005566,517901.3171217954,1315.2836080539118,0.44992238845481625,0.3676602749999347,1010,392.32883825466945,186397.35884212967,607.3991464267683,0.005
1000,9,13,1000013,P2C,509699.4047619047,377391.64387223596,1272.1770802009628,0.5794968499927915,0.005503356999952302,0,392.32883825466945,186397.35884212967,607.3991464267683,0.008
1000,9,13,1000013,SA,658586.2708719852,469968.1609676663,1310.4050300812944,0.4843969377480596,0.34398471899999095,1010,392.32883825466945,186397.35884212967,607.3991464267683,0.01
1000,9,13,1000013,Random,903218.9239332099,617397.7286371777,1383.45683876964,0.39087467289488304,0.0017464400000335445,0,392.32883825466945,186397.35884212967,607.3991464267683,0.01
1000,9,14,1000014,ELO,491128.99408284033,361020.81684938667,1389.6482971526702,0.5788197910852629,0.5479975299999751,1010,419.2937156192699,179798.67236755916,537.994903823056,0.01
1000,9,14,1000014,LO,615890.520694259,453069.87516253145,1491.0349779686198,0.4786595054189603,0.5791623059999438,1010,419.2937156192699,179798.67236755916,537.994903823056,0.009
1000,9,14,1000014,GA,742953.8461538457,534777.8314115508,1552.1810675124143,0.41493087463242917,0.3592907209999794,1010,419.2937156192699,179798.67236755916,537.994903823056,0.009
1000,9,14,1000014,P2C,554669.7108066971,415043.1910323891,1482.1770140975395,0.5165299695930583,0.0034798740000496764,0,419.2937156192699,179798.67236755916,537.994903823056,0.009
1000,9,14,1000014,SA,649293.706293706,474856.1144466356,1538.2969290168583,0.4572530030545971,0.3278716950001126,1010,419.2937156192699,179798.67236755916,537.994903823056,0.009
1000,9,14,1000014,Random,978442.857142857,681844.0434766577,1662.3948846394194,0.3378683612347213,0.001742528000022503,0,419.2937156192699,179798.67236755916,537.994903823056,0.007
1000,9,15,1000015,ELO,449593.1842385516,360755.1929610905,1178.3100527914378,0.6948958358408359,0.48920211900008326,1010,394.7405380043791,224053.94598337082,692.681966100224,0.009
1000,9,15,1000015,LO,542153.6905965621,427169.1000834892,1165.2903762586986,0.6147664841787466,0.47702595399982783,1010,394.7405380043791,224053.94598337082,692.681966100224,0.007
1000,9,15,1000015,GA,616350.8771929825,479094.7186455658,1153.9023359584844,0.5684499189886052,0.3530372879999959,1010,394.7405380043791,224053.94598337082,692.681966100224,0.009
1000,9,15,1000015,P2C,442147.3684210526,361984.0845680778,1165.7182046471833,0.7011536734129652,0.003558280999868657,0,394.7405380043791,224053.94598337082,692.681966100224,0.011
1000,9,15,1000015,SA,621582.9694323146,482753.7511236809,1133.0082398016343,0.5691189155111084,0.33387281500017707,1010,394.7405380043791,224053.94598337082,692.681966100224,0.01
1000,9,15,1000015,Random,810542.105263158,603934.5155462588,1148.3993390338303,0.48589607391927747,0.0017983330001243303,0,394.7405380043791,224053.94598337082,692.681966100224,0.01
1000,9,16,1000016,ELO,421618.4433164128,331796.8806406964,1104.1989191583336,0.6530785394513843,0.4957024210000327,1010,381.5851508473288,148352.6269542397,677.2156695759713,0.009
1000,9,16,1000016,LO,603397.8494623657,456310.7453590268,1145.64861601076,0.514298037197626,0.4860121850001633,1010,381.5851508473288,148352.6269542397,677.2156695759713,0.01
1000,9,16,1000016,GA,591432.1475625824,450787.7415017846,1188.5791697162165,0.5128287444504297,0.3600825519999944,1010,381.5851508473288,148352.6269542397,677.2156695759713,0.009
1000,9,16,1000016,P2C,465291.51732377545,363393.61172616377,1143.2542505257018,0.6049131684964535,0.0035419700000147714,0,381.5851508473288,148352.6269542397,677.2156695759713,0.013
1000,9,16,1000016,SA,513861.6071428572,397354.57338293735,1158.732857426558,0.5648586719142209,0.3313688439998259,1010,381.5851508473288,148352.6269542397,677.2156695759713,0.009
1000,9,16,1000016,Random,642568.6977299881,484886.4226242518,1193.5328528898965,0.48723586511385475,0.0017447860000174842,0,381.5851508473288,148352.6269542397,677.2156695759713,0.013
1000,9,17,1000017,ELO,442322.3938223938,318751.82062911964,1153.4718466353884,0.6920236238627402,0.4993909340000755,1010,394.88279578413506,166839.36654834502,767.0781363256231,0.009
1000,9,17,1000017,LO,554830.1158301159,399436.7579645284,1232.0907650200559,0.5823327212019963,0.4798593370001072,1010,394.88279578413506,166839.36654834502,767.0781363256231,0.005
1000,9,17,1000017,GA,730268.3397683401,515172.2039696001,1247.614315272705,0.4914484917412171,0.34981009300008736,1010,394.88279578413506,166839.36654834502,767.0781363256231,0.008
1000,9,17,1000017,P2C,501168.1780708988,365290.0010220473,1228.1892672621125,0.621408655956838,0.003793009999981223,0,394.88279578413506,166839.36654834502,767.0781363256231,0.006
1000,9,17,1000017,SA,606438.2239382239,434688.65810828423,1240.1280375128958,0.5494970658174811,0.3869859289998203,1010,394.88279578413506,166839.36654834502,767.0781363256231,0.006
1000,9,17,1000017,Random,972762.5482625486,663993.3087390149,1257.7744135928197,0.42064761457455513,0.0017689720000362286,0,394.88279578413506,166839.36654834502,767.0781363256231,0.007
1000,9,18,1000018,ELO,502492.8909952606,375550.5777286057,1327.349909495174,0.6958667188048977,0.4997602610001195,1010,462.75522743947175,237051.41892263363,713.3578165142334,0.01
1000,9,18,1000018,LO,697638.2054992765,500453.68041533284,1341.401117664374,0.5554375925978114,0.5242266700001892,1010,462.75522743947175,237051.41892263363,713.3578165142334,0.006
1000,9,18,1000018,GA,888777.9661016947,616171.7473332452,1444.0847498320563,0.4656383368818644,0.35044806099995185,1010,462.75522743947175,237051.41892263363,713.3578165142334,0.008
1000,9,18,1000018,P2C,611565.992865636,445433.16581206373,1340.8586074938037,0.6062089423466241,0.003582797000035498,0,462.75522743947175,237051.41892263363,713.3578165142334,0.008
1000,9,18,1000018,SA,792768.4391080617,557101.0079175336,1415.731591674351,0.5035809583848305,0.3314316369999233,1010,462.75522743947175,237051.41892263363,713.3578165142334,0.006
1000,9,18,1000018,Random,893355.9322033896,619552.3346722875,1459.2087193856917,0.4623545525410161,0.0017700569999306026,0,462.75522743947175,237051.41892263363,713.3578165142334,0.006
1000,9,19,1000019,ELO,454619.5524146055,351191.6193604132,1180.0705438390119,0.5605943712809971,0.48155171399980645,1010,368.0589572486617,158618.20094279744,500.14856364206787,0.014
1000,9,19,1000019,LO,555544.1696113073,426577.56964725733,1239.1564951645719,0.47825143887867827,0.49075880200007305,1010,368.0589572486617,158618.20094279744,500.14856364206787,0.01
1000,9,19,1000019,GA,780320.4930662558,585041.0357498527,1303.3759749116782,0.3744671231199124,0.38457126600019365,1010,368.0589572486617,158618.20094279744,500.14856364206787,0.009
1000,9,19,1000019,P2C,457990.15897047694,357756.21739847807,1200.1247638921445,0.5534732087135816,0.0036122670001077495,0,368.0589572486617,158618.20094279744,500.14856364206787,0.014
1000,9,19,1000019,SA,577615.3846153845,443124.00648792856,1248.3998912326815,0.46419035584262414,0.3941454339999382,1010,368.0589572486617,158618.20094279744,500.14856364206787,0.01
1000,9,19,1000019,Random,884498.1684981682,654318.5783480948,1298.0929713264482,0.34688940866392093,0.0019167820000802749,0,368.0589572486617,158618.20094279744,500.14856364206787,0.011
1000,9,20,1000020,ELO,481028.7539936102,384132.2786690751,1352.2269699708186,0.6032714113099362,0.5256277190001128,1010,381.30472972972973,162416.75960053047,811.0414219305288,0.009
1000,9,20,1000020,LO,605886.5814696484,475099.161528839,1553.4386985459741,0.4962031054305661,0.4728435919998901,1010,381.30472972972973,162416.75960053047,811.0414219305288,0.009
1000,9,20,1000020,GA,723388.1789137379,554274.3064169142,1633.9649675791984,0.43737506419863326,0.35679084200000943,1010,381.30472972972973,162416.75960053047,811.0414219305288,0.01
1000,9,20,1000020,P2C,499228.44827586215,399946.4745948352,1509.7168737676764,0.5674034859436372,0.0035074719999101944,0,381.30472972972973,162416.75960053047,811.0414219305288,0.008
1000,9,20,1000020,SA,632595.8466453676,491219.7555631633,1587.994296916107,0.47987091738932863,0.3309649410000475,1010,381.30472972972973,162416.75960053047,811.0414219305288,0.01
1000,9,20,1000020,Random,769650.1501501503,587635.7404898712,1653.3567277842687,0.4193422236166176,0.001762700999961453,0,381.30472972972973,162416.75960053047,811.0414219305288,0.01
1000,9,21,1000021,ELO,456361.07193229906,321078.81561341835,906.3367593560699,0.6375306764634702,0.4726789100000133,1010,383.2429703277925,155370.5979454563,537.9702847601527,0.01
1000,9,21,1000021,LO,546256.3868613138,381877.06230275513,884.7196942170082,0.5705167812240802,0.5453080659999614,1010,383.2429703277925,155370.5979454563,537.9702847601527,0.009
1000,9,21,1000021,GA,637796.8970380819,433804.50802374654,864.9301495140223,0.5253197943622032,0.41917802200009646,1010,383.2429703277925,155370.5979454563,537.9702847601527,0.008
1000,9,21,1000021,P2C,423186.1022364216,307360.09545578394,893.7477501694664,0.6693581542399473,0.00714148700012629,0,383.2429703277925,155370.5979454563,537.9702847601527,0.008
1000,9,21,1000021,SA,577420.310296192,400765.5724958122,866.1911895085602,0.5557939098471125,0.36255010600007154,1010,383.2429703277925,155370.5979454563,537.9702847601527,0.01
1000,9,21,1000021,Random,739120.178041543,496480.6799821177,871.1205577856291,0.481305219761695,0.0018523410001307639,0,383.2429703277925,155370.5979454563,537.9702847601527,0.009
1000,9,22,1000022,ELO,434620.03454231436,384362.5178312923,1389.0853045469742,0.567063834989497,0.49828548699997555,1010,379.75284464741856,197018.73090731003,439.64327210034054,0.011
1000,9,22,1000022,LO,553845.5941794663,476838.39481456066,1476.4927271795964,0.4650112895741566,0.4660318979999829,1010,379.75284464741856,197018.73090731003,439.64327210034054,0.013
1000,9,22,1000022,GA,618498.2164090369,522753.47595357685,1486.794899630987,0.4283392726526576,0.3546968239998023,1010,379.75284464741856,197018.73090731003,439.64327210034054,0.008
1000,9,22,1000022,P2C,448830.2961275626,397087.52518922155,1414.9592962169497,0.550439996153668,0.0034780969999701483,0,379.75284464741856,197018.73090731003,439.64327210034054,0.011
1000,9,22,1000022,SA,503042.46284501057,440583.3389692792,1435.0988005738304,0.5022568444808072,0.3265276199999789,1010,379.75284464741856,197018.73090731003,439.64327210034054,0.012
1000,9,22,1000022,Random,712394.5086705205,590208.0321186411,1524.7231654121124,0.38456096699569287,0.0017625640000460407,0,379.75284464741856,197018.73090731003,439.64327210034054,0.015
1000,9,23,1000023,ELO,453140.0966183575,302176.9867199802,1206.8239847480293,0.6078523553325952,0.5427836569999727,1010,376.63433061347837,134077.86849136246,668.1695073865656,0.008
1000,9,23,1000023,LO,556248.7008166293,362717.1508533418,1206.0381716769714,0.5319491845735838,0.4879842230000122,1010,376.63433061347837,134077.86849136246,668.1695073865656,0.011
1000,9,23,1000023,GA,750028.9855072463,478267.1336036726,1260.9839872806365,0.43588884831498875,0.36160570200013353,1010,376.63433061347837,134077.86849136246,668.1695073865656,0.011
1000,9,23,1000023,P2C,458073.7913486006,306026.4471390689,1198.885397217163,0.6042103436435331,0.0035874989998774254,0,376.63433061347837,134077.86849136246,668.1695073865656,0.008
1000,9,23,1000023,SA,641216.2849872772,414782.022638708,1204.6820985070356,0.4867708296505009,0.34083209200002784,1010,376.63433061347837,134077.86849136246,668.1695073865656,0.01
1000,9,23,1000023,Random,953272.1417069243,598389.2496537046,1309.4201486809366,0.37495581231140385,0.0018675489998258854,0,376.63433061347837,134077.86849136246,668.1695073865656,0.011
1000,9,24,1000024,ELO,467881.188118812,307053.0876205968,1557.0796251504094,0.6709177020420721,0.5466275690000657,1010,422.1846256572907,170669.18182511456,868.9720239664626,0.01
1000,9,24,1000024,LO,586612.1546961326,383676.293766641,1597.2771667974366,0.5682727524471135,0.4604094589999477,1010,422.1846256572907,170669.18182511456,868.9720239664626,0.006
1000,9,24,1000024,GA,704640.6685236769,450968.8065251097,1645.841778396742,0.5006256353724707,0.35114325100016686,1010,422.1846256572907,170669.18182511456,868.9720239664626,0.006
1000,9,24,1000024,P2C,492144.75138121535,329659.5237109,1553.5746556388208,0.6436931731954696,0.0036544239999329875,0,422.1846256572907,170669.18182511456,868.9720239664626,0.008
1000,9,24,1000024,SA,620641.0684474122,405369.69203178986,1608.8753547780902,0.5458630119006227,0.3250737070000014,1010,422.1846256572907,170669.18182511456,868.9720239664626,0.011
1000,9,24,1000024,Random,863843.0717863108,535774.7765768018,1633.589440535006,0.4451264691871155,0.0017765679999683925,0,422.1846256572907,170669.18182511456,868.9720239664626,0.007
1000,9,25,1000025,ELO,417459.1633466136,308814.9994700317,917.6845813965531,0.6514760444853844,0.4716307500000312,1010,361.80118166287014,152000.6804200942,550.953767787413,0.009
1000,9,25,1000025,LO,519206.3492063491,372447.86344826646,922.9634303745195,0.5657040553415383,0.46692890300005274,1010,361.80118166287014,152000.6804200942,550.953767787413,0.01
1000,9,25,1000025,GA,519516.41791044775,373504.6562950714,909.8036963982063,0.5680235444645889,0.39331688400011444,1010,361.80118166287014,152000.6804200942,550.953767787413,0.013
1000,9,25,1000025,P2C,433090.40074557316,319015.2301358907,923.9240166543992,0.634464710737096,0.00360034799996356,0,361.80118166287014,152000.6804200942,550.953767787413,0.008
1000,9,25,1000025,SA,489792.06212251936,354412.53994768986,923.9080502268309,0.5863736720467173,0.3394122930001231,1010,361.80118166287014,152000.6804200942,550.953767787413,0.011
1000,9,25,1000025,Random,778901.3605442176,532754.292530643,951.4292212819526,0.4413878350301336,0.0019008870001471223,0,361.80118166287014,152000.6804200942,550.953767787413,0.009
1000,9,26,1000026,ELO,464625.00000000006,346824.836613301,1297.1047007673671,0.6602052898167245,0.4915297570000803,1010,422.3182468242618,200664.32280776947,642.8059000216432,0.01
1000,9,26,1000026,LO,594300.70754717,434268.6187663112,1336.5030244013265,0.5503249068920745,0.483077706000131,1010,422.3182468242618,200664.32280776947,642.8059000216432,0.008
1000,9,26,1000026,GA,730473.8617200672,521149.8892309239,1371.4599476193357,0.47637287650239435,0.35323113399999784,1010,422.3182468242618,200664.32280776947,642.8059000216432,0.007
1000,9,26,1000026,P2C,467019.0839694655,352356.603599278,1281.4763357587685,0.6575737824318018,0.003524212999991505,0,422.3182468242618,200664.32280776947,642.8059000216432,0.008
1000,9,26,1000026,SA,640445.1939291736,463409.58032570075,1302.2141751104616,0.527728684845527,0.35547124699996857,1010,422.3182468242618,200664.32280776947,642.8059000216432,0.007
1000,9,26,1000026,Random,1088691.399662732,740483.7188879075,1459.9909751788605,0.3654410385704481,0.0032956110001123307,0,422.3182468242618,200664.32280776947,642.8059000216432,0.011
1000,9,27,1000027,ELO,418527.4348422495,346287.5673641238,1158.876793740516,0.6374303580324463,0.4844587049999518,1010,389.5524187153053,124642.10838944466,730.0838476559097,0.008
1000,9,27,1000027,LO,581316.9491525427,477567.1187910441,1298.3959888193929,0.49543562976700684,0.4651099190000423,1010,389.5524187153053,124642.10838944466,730.0838476559097,0.007
1000,9,27,1000027,GA,678655.3341148886,548169.068766962,1373.7061970281127,0.4421160653246431,0.35835524900016935,1010,389.5524187153053,124642.10838944466,730.0838476559097,0.006
1000,9,27,1000027,P2C,491778.10945273633,413008.4109558995,1279.5733776137465,0.5522993958650761,0.003648452000106772,0,389.5524187153053,124642.10838944466,730.0838476559097,0.007
1000,9,27,1000027,SA,555642.9249762581,461821.85218269506,1312.47119489326,0.5066890624315228,0.3322880670000359,1010,389.5524187153053,124642.10838944466,730.0838476559097,0.008
1000,9,27,1000027,Random,1010135.9570661898,779888.4758132442,1405.3833894864827,0.35303330602520333,0.002045735000137938,0,389.5524187153053,124642.10838944466,730.0838476559097,0.01
1000,9,28,1000028,ELO,519538.18827708706,391240.23842955846,1293.8923851370282,0.46064243121225334,0.5475705690000723,1010,351.1923318229348,165516.53832115847,367.5172676528087,0.014
1000,9,28,1000028,LO,513397.20998531545,386897.46869864926,1341.7436107093854,0.46158235983702156,0.48423885300007896,1010,351.1923318229348,165516.53832115847,367.5172676528087,0.011
1000,9,28,1000028,GA,741973.3570159856,537416.0996412709,1507.3569120562436,0.3413706253161163,0.3627383269999882,1010,351.1923318229348,165516.53832115847,367.5172676528087,0.011
1000,9,28,1000028,P2C,431984.0142095914,335079.3136523603,1290.8886643057265,0.530180342763678,0.004517881000083435,0,351.1923318229348,165516.53832115847,367.5172676528087,0.014
1000,9,28,1000028,SA,605552.2174535049,448646.05205194344,1437.6341538578547,0.4011804181365073,0.3886535329997969,1010,351.1923318229348,165516.53832115847,367.5172676528087,0.009
1000,9,28,1000028,Random,869580.8170515096,619027.802242892,1554.0998597746877,0.30222397749675456,0.0037450640002134605,0,351.1923318229348,165516.53832115847,367.5172676528087,0.009
1000,9,29,1000029,ELO,495486.06811145524,330655.3255028502,1049.439769362218,0.5589906289977972,0.5168699999999262,1010,373.1331547317356,165017.77486796814,447.75417988892156,0.01
1000,9,29,1000029,LO,607678.0185758513,391033.8938217019,1019.4116505252102,0.4910567696046064,0.5834757650000029,1010,373.1331547317356,165017.77486796814,447.75417988892156,0.012
1000,9,29,1000029,GA,859359.133126935,525645.9334578236,1034.7075261360758,0.39282566284810727,0.424883717000057,1010,373.1331547317356,165017.77486796814,447.75417988892156,0.01
1000,9,29,1000029,P2C,412732.60073260084,287015.1865485397,1041.963993764876,0.6356274407334196,0.00712228700012929,0,373.1331547317356,165017.77486796814,447.75417988892156,0.014
1000,9,29,1000029,SA,714041.7956656347,448574.5422727672,1020.9210074710884,0.44225366609762784,0.355628569999908,1010,373.1331547317356,165017.77486796814,447.75417988892156,0.014
1000,9,29,1000029,Random,898575.0915750914,546861.060193209,1035.686832848035,0.3822964945409115,0.0018020910001723678,0,373.1331547317356,165017.77486796814,447.75417988892156,0.013
