N,baseline,n,zeros,Wplus,p,r,wins,p_holm
100,LO,30,0,420.0,1.5247613191604614e-05,0.8064516129032258,25,4.733353853225708e-05
100,GA,30,0,465.0,9.313225746154785e-10,1.0,30,1.862645149230957e-08
100,P2C,30,0,465.0,9.313225746154785e-10,1.0,30,1.862645149230957e-08
100,SA,30,0,11.0,0.9999999599531293,-0.9526881720430107,3,0.9999999599531293
100,Random,30,0,465.0,9.313225746154785e-10,1.0,30,1.862645149230957e-08
200,LO,30,0,465.0,9.313225746154785e-10,1.0,30,1.862645149230957e-08
200,GA,30,0,465.0,9.313225746154785e-10,1.0,30,1.862645149230957e-08
200,P2C,30,0,465.0,9.313225746154785e-10,1.0,30,1.862645149230957e-08
200,SA,30,0,445.0,3.4552067518234253e-07,0.9139784946236559,26,2.073124051094055e-06
200,Random,30,0,465.0,9.313225746154785e-10,1.0,30,1.862645149230957e-08
300,LO,30,0,462.0,4.6566128730773926e-09,0.9870967741935484,28,4.190951585769653e-08
300,GA,30,0,465.0,9.313225746154785e-10,1.0,30,1.862645149230957e-08
300,P2C,30,0,422.0,1.183338463306427e-05,0.8150537634408602,24,4.733353853225708e-05
300,SA,30,0,432.0,2.9867514967918396e-06,0.8580645161290322,27,1.4933757483959198e-05
300,Random,30,0,465.0,9.313225746154785e-10,1.0,30,1.862645149230957e-08
400,LO,30,0,462.0,4.6566128730773926e-09,0.9870967741935484,28,4.190951585769653e-08
400,GA,30,0,465.0,9.313225746154785e-10,1.0,30,1.862645149230957e-08
400,P2C,30,0,408.0,6.166845560073853e-05,0.7548387096774194,25,0.00012333691120147705
400,SA,30,0,447.0,2.3562461137771606e-07,0.9225806451612903,28,1.6493722796440125e-06
400,Random,30,0,465.0,9.313225746154785e-10,1.0,30,1.862645149230957e-08
500,LO,30,0,465.0,9.313225746154785e-10,1.0,30,9.313225746154785e-09
500,GA,30,0,465.0,9.313225746154785e-10,1.0,30,9.313225746154785e-09
500,P2C,30,0,434.0,2.210959792137146e-06,0.8666666666666667,27,4.421919584274292e-06
500,SA,30,0,464.0,1.862645149230957e-09,0.9956989247311828,29,9.313225746154785e-09
500,Random,30,0,465.0,9.313225746154785e-10,1.0,30,9.313225746154785e-09
1000,LO,30,0,464.0,1.862645149230957e-09,0.9956989247311828,29,9.313225746154785e-09
1000,GA,30,0,465.0,9.313225746154785e-10,1.0,30,9.313225746154785e-09
1000,P2C,30,0,355.0,0.005299130454659462,0.5268817204301075,23,0.005299130454659462
1000,SA,30,0,465.0,9.313225746154785e-10,1.0,30,9.313225746154785e-09
1000,Random,30,0,465.0,9.313225746154785e-10,1.0,30,9.313225746154785e-09
